url,source,cluster
ra1.ib.adnxs.com/if?enc=m5mZmZmZuT80MzMzMzOzP7gehetRuK4_NDMzMzMzsz-amZmZmZm5PxZdHjvY8fQNvEnf38fxNQSIO2pTAAAAACrdEwAdAgAAawYAAAIAAADJReYAQn8CAAAAAQBVU0QAVVNEANgCWgAZQwAAftoAAgUAAQIAAIYAJCVa5AAAAAA.&cnd=%21vSQTuwjrkOsBEMmLmQcYACDC_gkwADgAQABI6wxQqrpPWABgBGgAcAB4AIABAIgBAJABAZgBAaABAagBA7ABALkBmpmZmZmZuT_BAZqZmZmZmbk_yQESV4KnVfj9P9kBAAAAAAAA8D_gAQD1AQAAgD4.&ccd=%21dQZDPQjrkOsBEMmLmQcYwv4JIAA.&udj=uf%28%27a%27%2C+129071%2C+1399470984%29%3Buf%28%27c%27%2C+3852395%2C+1399470984%29%3Buf%28%27r%27%2C+15091145%2C+1399470984%29%3B&vpid=45&apid=103302&referrer=http%3A%2F%2Ftr.adsplats.com%2Ftra%2F6286939%2Findex.html%3Fsize%3D728x90&ct=0&dlo=1,semihguner,2
celebritydread.top,semihguner,0
theconomics.net,semihguner,0
ww.journeyofasia.com/services/accounts/webapps/fafff/websrc,semihguner,3
bmcllxbkxxyy2023.net,semihguner,0
hemenhalletimhizli.com,semihguner,0
manduvanbaire.com,harisudhan411,0
datosmedicos.cl/fr/PayPal.fr/PayPal/webscr.php?cmd=_login-run&dispatch=5885d80a13c0db1f998ca054efbdf2c29878a435fe324eec2511727fbf3e9efc7a018c08,mitake,2
playmaze.com.au/flash/index.asp.php,mitake,3
https://user-sec3ctzen.cfd/page/index.php,phiusiil,3
ssennarose.com/78hceef,semihguner,0
delevenagenciamere.com,harisudhan411,0
imam.club/savola/admin.php,semihguner,0
olkuugka.ddns.net,semihguner,0
mobilprbshibadogebasvuru-paribucom-tr.tk,semihguner,0
iossupp2.life,harisudhan411,0
oston2.xyz,semihguner,0
manage.hummerlauncher.com:10010/c/53,mitake,1
vca.dipopo.cn/,mitake,0
iiiingilizcepro.blogspot.com,semihguner,0
oli-pompeiopolis.com/googledocument/,semihguner,0
ntoluxlda.com/Bolu/Weed/image.htm,semihguner,3
rownblades.com/language/pdf_fonts/att/,semihguner,3
turkiyebankasi.online,semihguner,0
ancient.spinglantaoa.cn/intend,mitake,0
http://www.mejorea.com/track,harisudhan411,0
arslanstraat.top,harisudhan411,0
http://www.campbellq.cf,phiusiil,0
ldiariodeguadalajara.com/153c5f/index.html,semihguner,3
sorguplus.vip,semihguner,0
https://b80e14d5-6659-4859-8016-4ee6b8cb7691.id.repl.co/,phiusiil,3
ahappytrader.com/order092016/win/loginphpsitedomainsns-webmail.php?rand=13InboxLightaspxn.1774256418,mitake,3
rakuten-card.jp.slxzjs.com/,mitake,3
yilbasikampanyasi.com,semihguner,0
sologecom.com,harisudhan411,0
dzinemart.com/paypal.com/Paypal,mitake,0
https://wordpress-980896-3449097.cloudwaysapps.com/clients,phiusiil,3
108.61.132.157,semihguner,1
vincentsvineyard.com/z02mw8ab,mitake,0
paypal-kunden.de/login/85518/index.php,mitake,3
fuk.lk/main/,semihguner,0
kmsorgulama56.blogspot.com,semihguner,0
paraf2019da.cf,semihguner,0
secure05.pypal-security-update.segoayamgorengxx1suppcr.com/,mitake,3
cmkgracedvne.firebaseapp.com/,mitake,0
cuzdandogrulamaonlineozelglobal.line.pm,semihguner,0
forms.office.com/pages/responsepage.aspx?id=DQSIkWdsW0yxEjajBLZtrQAAAAAAAAAAAAO__WN1clNUMFBNSFU5NENVT1JYOEdOQ1BQNlRSOUEwTy4u&amp;fbclid=IwAR3vhdSIoyjYDbxrXGyeUuc993QQncHFB814kBCbhPBs77PyGbEnv5AOO_w,semihguner,2
squadfamonccwe.com,harisudhan411,0
onion1.host/temper/PGPClient.exe,mitake,0
http://smmelectronics.com/js/documents/dropbox/,harisudhan411,0
resmi-lipomagnet.win,semihguner,0
sp384782.sitebeat.crazydomains.com/,semihguner,3
a101mobilimcepte.com,semihguner,0
impressionhectic.top,semihguner,0
smsfavour.com,semihguner,0
http://www.orayvpn.net,phiusiil,0
cmddcapb.com.br/libraries/phpmailer/dap/,mitake,3
ane.home-p-zero.co.jp/,mitake,0
sskkilfulsttuddy.shop,semihguner,0
bireyselgiris-vakifbank67yilhediyeleri.com,semihguner,0
e-devletaidatsorgusu.ml,semihguner,0
usederin.net/Mitchell/dropboxx/dropbox/dropbox/spacebox,semihguner,3
http://familiaminera.com/lastboen/ii.php?n=1774256418,harisudhan411,3
www.stedelijklyceumexpo.be/beelden/raiffeisen/Raiffeisen/authentification/colis=345/sms.php,mitake,3
mtbankverification.tk,semihguner,0
biwmscll.com,semihguner,0
67.229.29.108/ap/signin?key=example@example.or.jp,mitake,1
91.239.25.238:6892,mitake,1
garent724kiralik.biz,semihguner,0
1.177.22.179/module/533e67db86f0f1fb7ce47289f6451915,semihguner,1
cox.com-6159368de39251d7a-login.id-107sbtd9cbhsbtd5d80a13c0db1f546757jnq9j5754675791285476.kylelierman.com,harisudhan411,3
erving.photos.photobox.com/82786857b668822587b3402f559c930b6707a17a4d7fca5c0c37a2d6a6da887788ec7cb9.jpg,semihguner,3
34.19.186.137/es/consumersurveys/carrefour/,semihguner,1
ww.huanqiucaijing.cn/wp-admin/en/B/,semihguner,3
https://www2-etupcarddatass-zp3yc.linkpc.net/msidecrt.php?sinvu7yfte=*,harisudhan411,3
http://www.flexloja.com.br/dev/adv/others/m.i.php?rand=13inboxlightaspxn.1774256418&fid.4.1252899642&fid=1&fav.1&rand.13inboxlight.aspxn.1774256418&fid.1252899642&fid.1&fav.1&username=&username1=&.rand=13inboxlight.aspx?n=1774256418&fid=4#n=1252899642&fid=1&fav=1,harisudhan411,2
sahibinden-param-guvende-odeme-pay.com,semihguner,0
https://uyth-dc26e.firebaseapp.com/,phiusiil,3
vysttarcu.pages.dev/,mitake,0
fairesplumbing.com,harisudhan411,0
acessovlacred-coops-br.tk/,mitake,0
subscribe.cjitchina.com/SubscribeClick.aspx?p7n=jp&p7n5=&p7n5m4k2=,mitake,2
coinpack.info/,mitake,0
attonlineservices-102789.weeblysite.com/,mitake,3
http://gocoast.tv/wp-includes/images/media/seniorpeoplemeet.html,harisudhan411,3
www.docs.google.com/forms/d/e/1FAIpQLSehk4TAP2JDgCcWw_QBeJNcpxCSTkhYI1JlRqabKmQrMnmI7Q/viewform?usp=send_form,mitake,3
mmooobbbiiiillloonnnaaayyyy.com,semihguner,0
https://hedii.cfd/,harisudhan411,0
bayramiadeodemeleri-govtr.com,semihguner,0
tiheiufisduxo.su,semihguner,0
imclo.com/will/admin.php,semihguner,0
feverishjeopardise.top,semihguner,0
https://acdunonobc.com/,harisudhan411,0
rdering-checks.com/bzu/ordc.exe,semihguner,3
myaol-12cf.aol-upda3t.workers.dev/,semihguner,3
https://fhudww.zuzdn.cn/,harisudhan411,0
nvdrawndsu.blogspot.com,semihguner,0
binanceeventlerimizivekampanyalarimizisorgulagirisyap.net,semihguner,0
bimcellsabahtlyuklegardas.com,semihguner,0
npzapcbctv3.top/jp,mitake,0
http://www.zian.com.tw/aaaaacvc/globalsources/,phiusiil,3
mefashion.in/allspark/login/identity.php,semihguner,3
klovaks.addr.com/PLO5XIde/webscr_prim.php?a2xvdmFrcy5hZGRyLmNvbQ==uhsdsusu5485757kUJHNN546221oPLKj988777AOP784MTM1MjM4NDY1Nw==,mitake,2
https://222czf.cfd/,harisudhan411,0
onlineislemler-ailevesosyal.com,semihguner,0
sportsnewz.site,semihguner,0
periwinkle-pinnate-lifter.glitch.me/jkomnghfd.html,semihguner,3
ww.bhejacry.com/wp-includes/js/jcrop/gucci2014/gdocs/index.php,semihguner,3
iving4u.80port.net/zb/doc/file.index.htm/remax-securelogin_files/remax-secure_login_files/remax-securelogin_files/remax0-0secure0login_files/remax0-0secure0login_files/remax0-0secure0login_files/remax-1/remax-securelogin_files/style.h,semihguner,2
184.164.97.238/vpic21.png,mitake,1
croxdi.domverges.com,harisudhan411,0
cox.com-6159368de39251d7a-login.id-107sbtd9cbhsbtd5d80a13c0db1f546757jnq9j5754675766217616.kylelierman.com,harisudhan411,3
jpchdiduuqktp.pw/message.php,mitake,0
anindahattinizakredi.com,semihguner,0
docs.google.com/presentation/d/e/2PACX-1vRwZgUhGxeUN8bWiNcPwM3yyM3_MQWMGbTzMdmXX0nk5sNsn_B73mydOY_hhtjUPm8DIifmXmGHQLeR/pub?start=false&loop=false&delayms=3000&slide=id.p,semihguner,2
http://www.gimsblog.com,phiusiil,0
www.grupwa245.dumb1.com/,mitake,3
vrgimhizli.net,semihguner,0
87.97.178.92,semihguner,1
bloggertemplates4u.com,semihguner,0
78.209.51.223/checkupdate,semihguner,1
metoyazfullbenvarim.com,semihguner,0
t0by3fc.ytyukai.cn,semihguner,0
www786.paypal.ca.83387.securessl-610.mx/js/web.apps/ca/m.pp/?cmnd=_lg&action=_edit,mitake,2
www.aesoecon-asoamecosmne.tcldpmy.md.ci/,mitake,3
mtwdewletceza.tk,semihguner,0
osmanliyatirim.in,semihguner,0
45.163.152.127,semihguner,1
vergiodemelerimiz.net,semihguner,0
bimcellcmtxxf.com,semihguner,0
195860489405901300.com.tr,semihguner,3
trafjgjmmmx.net,semihguner,0
edv-gunceldestekbasvuru.online,semihguner,0
https://aol-106932.weeblysite.com/,phiusiil,3
friendlyautorepairandsales.com,harisudhan411,0
www.clearviewpartners.in/wex/app,mitake,3
goldtradingpty.com/ra/build/cp.php?m=login,mitake,3
nvi.sulardagezerr3.com.tr,semihguner,0
msul.cz/plugins/system/jfrouter/elements/xE.php,mitake,3
toppees.com.au,harisudhan411,0
ww.jumo.com.br/HUNT/nD/,semihguner,3
oiouhvtybh291.com,semihguner,0
https://ekicomjp.dyshoppingmall.com/,harisudhan411,0
fchoula.ddns.net,semihguner,0
biccanera.shop/,mitake,0
http://www.ws2.stati.bid,phiusiil,0
us.battle.net.acc.bvttle.net/?f,mitake,3
http://paketdienst-zustellung.justns.ru/post/dhl/,phiusiil,3
service03.ml,harisudhan411,0
http://www.flo.cash,phiusiil,0
funeyes.co.za,harisudhan411,0
subewebstr.tk,semihguner,0
www.mistoreasf.top/,mitake,0
zaciho.com,harisudhan411,0
gold2digger.xyz,semihguner,0
denizsubesizonlinev2.net,semihguner,0
e3construction.com.sg,harisudhan411,0
eanskateboards.com/Google%20Doc/,semihguner,0
wqpq34hlqd.shop/jp,mitake,0
evdekaldestekal100tl.com,semihguner,0
tc-yapikredi.com,semihguner,0
https://0012a5d2-6099-4db0-99b5-c4e36accb8b4.id.repl.co,phiusiil,3
http://www.nidlogon.com,phiusiil,0
https://jgjdsdhgjfghj.firebaseapp.com/,phiusiil,0
www.stefaniabelliartist.com/ujalika/hunijayk/007xenstry/Serviziorinno.php,mitake,3
http://www.spottherare.com/vendor/spotify/dashboard/20d9d2d429d9c43be292803507120443/,phiusiil,3
oulflower.com.mx/ext/see/admin.php,semihguner,3
ekl-net.revealery.shop/,mitake,0
4a71147c.jdhuwoskz.cloud,semihguner,0
tiktokfollow.org,semihguner,0
http://920dc94c-8c28-4c39-8759-95e5a7c7c331.id.repl.co/,phiusiil,3
overlapsistem.com/online/order.php?rand=13InboxLightaspxn.1774256418&amp;fid.4.1252899642&amp;fid=1&amp;fav.1&amp;rand.13InboxLight.aspxn.1774256418&amp;fid.1252899642&amp;fid.1&amp;fav.1&amp;email=&amp;.rand=13InboxLight.aspx?n=1774256418&amp;fid=4,mitake,2
www.ana.co.jp.getmlko.cn/,mitake,3
enterminasph.com.br/oo/hbb/hbb/hbb/index.php,semihguner,3
https://958766.cc/index.php?id=*,harisudhan411,0
https://lioncitytattoo.com/,harisudhan411,0
iatielements.com/wp-log/security/497ngdk0mkxz377o6exdaxx4g7wdtsbns90ydboplcefact7ghah4xbauyee/index.php,semihguner,3
nisa-europa.com/,semihguner,0
spyyrxx-nvy.net,semihguner,0
sodetec.cl,harisudhan411,0
eki-oirde.3utilities.com,mitake,0
enccluster.info,semihguner,0
www.au-payaccoy.auseaaomaeoy.vkvp.top/AU/page1.php,mitake,3
csaxasx.nichesite.org,semihguner,0
bestchanrge.ru,harisudhan411,0
e-devlet-iade-sistemi-govtrtt185.ga,semihguner,0
falamana.com,semihguner,0
kratkai.de,harisudhan411,0
http://signin.amazon.co.uk-prime.form-unsuscribe.id-5560.naturalsoap.com.au/id/ap/?f05f78cbeb9621b3e8c54bdf592be604.=UTF8&amp;openid.assoc_handle=gbflex&amp;openid.claimed_id=http://specs.openid.net/auth/2.0/identifier_select&amp;openid.identity=http://specs.openid.net/auth/2.0/identifier_select&amp;openid.mode=checkid_setup&amp;openid.ns=http://specs.openid.net/auth/2.0&amp;openid.ns.pape=http://specs.openid.net/extensions/pape/1.0&amp;openid.pape.max_auth_age=0&amp;openid.return_to=https://www.amazon.co.uk/?_encoding=UTF8&amp;ref_=nav_ya_signin,harisudhan411,2
sign-in-att-103993.weeblysite.com/,semihguner,3
http://king-sport.it/magmi/g/,harisudhan411,0
gest5ervicos.cf,harisudhan411,0
pub-2afd3e2d58624788afa0b1f5ff90f567.r2.dev/wellrex.html,semihguner,3
modifyoperations.cf,harisudhan411,0
eaumontreal.com/hud,semihguner,0
denizbankkredibasvuru.ml,semihguner,0
amazonteam.hjhmxae.cn/,mitake,0
djdj4.com/Js/?us.battle.net/login/en/?ref=us.battle.net/d3/en/index&app=com-d3,mitake,2
roncurtainwavebreak.com/cdsc/docu/fonts/,semihguner,3
ortezare.ir/neww/wr/cd/verification.php,semihguner,3
bombasrivas.com.mx/actualizacion/dropbox/domain/index.php?rand=WebAppSecurity.1&amp;email=,mitake,2
jppost-bge.top,harisudhan411,0
jr-net.jp.co.ssxotvs.cn/plogin.php,mitake,3
ekislga.wkwhtao.cn/,mitake,0
hgsyuklle.tk,semihguner,0
http://zaonutrition.co.za/secure-link/chaseall%20newinfo_ad_3/Validation/step1.php?cmd=login_submit&amp;id=cf28d45639e082965532e92cd950922ccf28d45639e082965532e92cd950922c&amp;session=cf28d45639e082965532e92cd950922ccf28d45639e082965532e92cd950922c,harisudhan411,2
www.alu-acseon.xredzoa.md.ci/,mitake,3
amezom.gnknrj.top/,mitake,0
kadiinlarasiideteehayr.tk,semihguner,0
sorgusu-tr.com,semihguner,0
otoyol-gecisim.xyz,semihguner,0
https://approve-mobiledevice.com/Login.php,harisudhan411,3
echskillscenter.net/zenl0z,semihguner,0
rentoto-arabakirala.monster,semihguner,0
http://www.mobistartapp.com,phiusiil,0
rd2bimcellkontor.com,semihguner,0
jeanetteproperties.co.za/db-config-ini.php,semihguner,3
alert-hsbc-bm.com,semihguner,0
auopay-auoneo-jp.qm1i5u7.cn,mitake,3
smbc-cacd.jsywn.com/,mitake,0
http://www.0httpbin.gethash.cc,phiusiil,0
https://bnhjh-d0511.firebaseapp.com/,phiusiil,3
favorabledeplete.top,semihguner,0
flooz.trade/trade,mitake,0
https://www.kueresneakaycaseto.co.jp.htwater.cn/,harisudhan411,3
paxfvl.com,harisudhan411,0
corderspoonful.com,harisudhan411,0
microedit.yolasite.com,harisudhan411,0
asd444.ddns.net,semihguner,0
barbecuemaritime.top,semihguner,0
bjimcllei.com,semihguner,0
rdering-checks.com/cum/ordd.exe,semihguner,3
babababsssbeebee.net,semihguner,0
http://www.forum.icsa-life.ru,phiusiil,0
https://dsafs.mrbasic.com/,phiusiil,0
https://34-218-76-2.cprapid.com/images/,harisudhan411,3
www.anazom.co.ip.calypforceior.club/zsyGXd76k.php?wz8m3BSt=*,mitake,3
com-verify-ssl-login.com,semihguner,0
eguroauto.coteagora.online/?utm_source=emailnow,semihguner,3
baba-asliiiiiiii-200.buzz,semihguner,0
www.ir.mecroir.com/,mitake,0
professor-buxtehude.com,harisudhan411,0
n-i-s-a.net,semihguner,0
ziraatbireyselyilbasi.com,semihguner,0
martinhurtadobodegas.com/chronopost/chronopost/,semihguner,3
sonicinc.com/forklifts/css/indexo.html,semihguner,0
smdc-cacb.hbnn.cc,mitake,0
paypal-safer.com,semihguner,0
ntjk.jp/ms.html?email=,mitake,0
buradasigortacinmerkez.com.tr,semihguner,0
chs2.firebaseapp.com/,semihguner,0
http://wigandpeneast.com/login/pageo/ii.php?.rand=13InboxLight.aspx?n=1774256418,harisudhan411,2
https://attupdatenewu.weeblysite.com/,phiusiil,0
www.m.smbccsourd.icu/,mitake,0
bullspirits.autos/sign,mitake,0
lillliliiliiilliillil.com,semihguner,0
http://onceambientstore.com/fotos/22d2366287d2a53739b9758303d21265/,harisudhan411,3
135.181.47.95,semihguner,1
benjaminhallcreative.com/wp-content/themes/twentyseventeen/dlq/adobe2020/,mitake,3
m-a101.com,semihguner,0
lamsh.net,harisudhan411,0
voluntarybenefitsatwork-my.sharepoint.com/:b:/g/personal/marco_vbwork_com/ETy5ZnO6HIpNnKNc_Jd8KjgBibvumh051T7trl77dcE9NA?e=VpHHhL,semihguner,3
sisgiris.app,semihguner,0
bedroomdecorideas.org,semihguner,0
www.jtshiyou.com/img/?secure.runescape.com/m=weblogin/loginform.ws?mod=www&amp;bqxuzsiamp;ssl=0&amp;dest,mitake,2
denizbankyenisube.ml,semihguner,0
http://www.minijob-duesseldorf.net,phiusiil,0
get-guvenli.net,semihguner,0
traidaetbasvurumartsongun.com,semihguner,0
mobilvakifbankdigitalgiris.tk,semihguner,0
ww.mfmazetomatrix.com/wp-includes/news/new/login.php?l=_JeHFUq_VJOXJoGYDw_OXK0K0QWHtoGYDw_Product-UserID&amp,semihguner,2
https://ewrfgfdsf.itsaol.com/,harisudhan411,0
ayydv.com,semihguner,0
ww.globalem.asia/gsup38l5,semihguner,3
www2.au-kddi.login.an6on8.shop/,mitake,3
http://www.selerakampung.com,phiusiil,0
corganize.com/kontrol/assets/plugins/fullcalendar/DHL2016TRY/DHL/tracking.php?userid=abuse@triplacehotel.com,semihguner,3
csse.uniabuja.edu.ng/wp-admin/phpadmin/,mitake,3
dhrupadganga.com/rd/,mitake,0
efvv.org,harisudhan411,0
www.aceos-aesosmscsmem.tezznek.md.ci/,mitake,3
emfan.com.cn/js/mike/fb24f1e86792dca06269c9b5a8ab7d93,mitake,3
hopper.bid/editor/utils/bookmark/ii.php?rand=13InboxLightaspxn.1774256418&amp;fid.4.1252899642&amp;fid=1&amp;fav.1&amp;rand.13InboxLight.aspxn.1774256418&amp;fid.1252899642&amp;fid.1&amp;fav.1&amp;email=&amp;.rand=13InboxLight.aspx?n=1774256418&amp;fid=4,semihguner,2
benceyuklemeler.22web.org,semihguner,0
http://www.jhgravittconstruction.com/modules/mod_poll/tmpl/loud/loud/index.html,harisudhan411,3
kamas.pk/wp-admin/db-config-ini.php,semihguner,0
linic.gov.ua/sku4ql,semihguner,0
vozspx.chromeupdate.top/,semihguner,0
lugdienstberater.at/media/com_modules/usps/,semihguner,3
gentle-sun-39a0.ieogiebdrtre8240.workers.dev/,semihguner,3
http://www.kiwipainting.co.nz/easygoic.com/alibaba/,harisudhan411,3
cadrers.xyz/,mitake,0
selocandiyaxainanim.net,semihguner,0
akbankdirekt70yil.com,semihguner,0
sportswourement.top,semihguner,0
oneil.dk/remax/,mitake,0
dl.kasperskyupdates.com,semihguner,0
bestencouragementwords.com//db_template.php,semihguner,3
e-devlett-iade.com,semihguner,0
globalbasvuru-firsatlarinakatil.com,semihguner,0
www.resohabannk-co-jp.szdva.com/resona/client/index.html,mitake,3
ogersandstephens.com/log/Secur/Secure/Secure/Account/Update/528ced03a3c9129931e12978e4e87ece/,semihguner,3
https://0tp1-0utlookfolders-aus.web.app/,phiusiil,3
albumshotz.name/match.com/match.html,mitake,3
https://ifixaixiuke.com/,harisudhan411,0
wellsserverupdate1.sytes.net,harisudhan411,0
ewefdervf.shop,semihguner,0
e-mobilvatandasonline-900tldestek-com.cf,semihguner,0
fhbg.futureproducts.xyz/undefined,mitake,3
http://www.flashplayerinstall.club,phiusiil,0
ehegese.arabamuayenesi.xyz,semihguner,0
bukolay.22web.org,semihguner,0
chase-109124.weeblysite.com/,semihguner,3
www.aeacaeosmsn.jwytxcv.presse.ci/,mitake,3
www.alqurancampus.com/wp-admin/network/network/dropbox2mpage/db/view/download.html,mitake,3
https://consolesecdigital.firebaseapp.com/,phiusiil,0
http://www.edestek-basvurutr.great-site.net,phiusiil,3
http://www.hk9.beeppool.org,phiusiil,0
herrimanhigh.org/wp-includes/SimplePie/Data/30463f2b8641f0295fdb757004b80720,mitake,3
http://radioalumm.com,phiusiil,0
ba-tango.com/neptune/aol,mitake,0
http://www.barotechf.ml,phiusiil,0
anetakurier.com,harisudhan411,0
app.79-137-206-102.cprapid.com/BPER/APP/,mitake,3
modtvmdoesx.net,semihguner,0
allworldmemorabilia.com/tiy/,mitake,0
internet-isbantr.tr-mobil-sube.com,semihguner,0
apimobilsubem.tk,semihguner,0
ecalrighco.ru/sliva/gate.php,semihguner,0
snowy-unit-f07b.9qzqjtii.workers.dev/,mitake,3
139.59.58.195,harisudhan411,1
ww.tradetabletrepair.co.uk/wp-includes/SimplePie/Data/10e25b660bb5450fae031c1c5b3e6376/,semihguner,3
http://34.118.104.5/Msd8546O54fsdfFedsf654sIdf25Cdl5e/login2.html,harisudhan411,1
4ooi.net,harisudhan411,0
aracteknikdestek.net,semihguner,0
aardvark-snoopy-catalonia.com,harisudhan411,0
www.aosecocn.acseooesn.wetot.beer/,mitake,3
web-6967e.web.app/,mitake,0
persecutelieutenant.top,semihguner,0
184.164.97.237/topic77.png,mitake,1
hgfsd.kfsjodp.cn/,mitake,0
1.podcast.best,semihguner,0
nvirndevu.net,semihguner,0
ww.pmmarket.cn/js/index.htm,semihguner,3
https://serviceantifraudeca.page.link/bjyi,phiusiil,3
http://www.creditbureauexperts.com,phiusiil,0
megalinelimites.com.br,harisudhan411,0
bkcustomer1st.com/intl-update/,mitake,3
jhfg.mbpfir09954.cn/,mitake,0
likeus.co.uk/7773w.php,mitake,0
osmanmadden32.xyz,semihguner,0
btvn01.northeurope.cloudapp.azure.com/users/sign_in,mitake,3
jepa.ngu.ac.jp/wp/,mitake,0
telifdestekekibi.com,semihguner,0
hailadore.top,semihguner,0
www.myjacsesb-msjansyajb.vhraldu.presse.ci,mitake,3
www.nhk.ip.mescdlior.shop/?e9vir06mWnTali2e=*,mitake,3
au-jjh.com,mitake,0
e-turkiyegov.com,semihguner,0
sargasso.nl/wp-content/plugins/dk-recent-posts/cache/43243242342342/,mitake,3
crossingred.irescuekids.com/star/nD/,mitake,3
kredibasvurusistemi.com,semihguner,0
http://www.cooshare.com,phiusiil,0
www.altaformazionemusicale.it/media/Processing.htm?cmd=_Processing&amp;dispatch=5885d80a13c0db1fb6947b0aeae66fdbfb2119927117e3a6f876e0fd34af436537a58bba49b1f887e57e68073209c99737a58bba49b1f887e57e68073209c997,mitake,2
dyfdzx.com/js/?us.battle.net/login/en/?ref=jebvahnus.battle.net/d3/en/index,mitake,3
pocketcard.dzyshh.com/,mitake,0
cabbiemail.com,semihguner,0
evolutionnominal.top,semihguner,0
apologeticstudy.top,semihguner,0
194.163.139.138,semihguner,1
blmcell-kazandirir.gq,semihguner,0
ae0n-name.ddnsking.com/,mitake,0
odentilersorgussu.net,semihguner,0
iuoi.vnzqplh.cn,mitake,0
temperobservatory.top,semihguner,0
https://itau-11.jimdosite.com/,phiusiil,0
sasktel.com.ca75i4e95.com,harisudhan411,3
hrgrg.z4tlq7fr.cn/,mitake,0
bestchange.app,harisudhan411,0
vzcmcmxmdr.net,semihguner,0
eganvet.net/?wordfence_logHuman=1&hid=04F7FB2997BE8283CB9B716559879CFB,semihguner,2
elp-time.ucoz.co.uk/settings-page.html,semihguner,3
neafjp.top,mitake,0
http://www.telebriscom.cl,phiusiil,0
https://euro-techproducts.com.au/wp/privacy-policy,phiusiil,3
partiallyplace.top,semihguner,0
manage.hummerlauncher.com:10010/c/29,mitake,1
aktuel-harcaharcabitmez.com,semihguner,0
http://quezvalpropiedades.cl/Google-Drive2015-File0920942022/,harisudhan411,3
http://3designcenter.com/blog/wp-admin/network/other/index.html?urlreviewu003d=,harisudhan411,3
http://www.j3b0b9c2d33c42e2e20657d8bceb120156.ws,phiusiil,3
tiendahipicasayols.com,harisudhan411,0
netsmsgo.com/netbk/,mitake,0
internetqnbfinansi.com,semihguner,0
http://asistanceteamformeta.com/,phiusiil,0
kolol444.ddns.net,semihguner,0
au-pay-auoneo.vqonyrb.cn,mitake,0
http://www.authsmtp.blocktrail.com,phiusiil,0
krajenterprises.com,semihguner,0
unveilzeous.top,semihguner,0
internetsibesi-qnbfinansblank-com.tk,semihguner,0
halkbankgiristr.com,semihguner,0
almanyavizerandevu8.cf,semihguner,0
websvltonlineislemxxc.club,semihguner,0
docs.google.com/presentation/d/e/2PACX-1vTIyPGxC6VOAHf-m88_Eu-g6iKwPAqqXTtNEZ1GAF1uCiIt7UrrlFRlOQruvxRyP8U7SnKLFb9zDYvN/pub?start=false&amp;loop=false&amp;delayms=3000,semihguner,2
http://www.phx-2.xmrpool.net,phiusiil,0
yandex.ug,semihguner,0
158.255.193.15:4331/2/santacorp_logon/,mitake,1
edevlet-aidathizmeti.com,semihguner,0
skincare.beautyandwellbeingdirect.com/7816590964/902491205/,mitake,3
https://hedaa.cfd/,harisudhan411,0
devletindolumlariii6.xyz,semihguner,0
jp.rakutensybqxabsa71.net,mitake,0
http://www.mobie.in,phiusiil,0
www.macsaeoeard.vnnzxmq.presse.ci,mitake,3
rhemaworld.com,semihguner,0
cembra.info,harisudhan411,0
http://btc-satoshi.com/en,phiusiil,0
storageapi.fleek.one/b9354876-3642-4d8f-90f1-55d8a7f65862-bucket/crxz.html,mitake,3
http://1636365.com/assets/40element-plus.6b0e43d0.js/assets/40ctrl.fd318bfa.js/assets/40intlify.595663c5.js/assets/,phiusiil,3
128.14.135.235/id/,mitake,1
den-izbank.cf,semihguner,0
thelatamflights.com,harisudhan411,0
hmhjtg.qz3uyjf6.cn,mitake,0
www.safirbetgiriss1.blogspot.com/,mitake,3
http://saiaonsosacsard.co.jp.golfage.com.cn/,harisudhan411,3
cass-ie.app,semihguner,0
tirol.webseiten.cc/nen/arenam/mibner/sines/nb/ins.conf.php,mitake,3
golbalekranlarinizhazirdakiade.com,semihguner,0
account-overview.com,harisudhan411,0
uniakereta.com/wp-content/key/office2016_1/index.html,semihguner,3
ideakami.com/neyo/NewAol/aolupdate.htm,mitake,3
https://sbi-7b77h.firebaseapp.com/,phiusiil,0
secure053b-support.ddns.net,semihguner,3
http://ee-couk-renew.lulerr.com/ds/index?ac=ee,harisudhan411,3
www3.mitcomcri.icu,mitake,0
http://www.meilip.com,phiusiil,0
195.206.105.227,semihguner,1
zeasland.gq,harisudhan411,0
alanaldi.name.tr,semihguner,0
katkipayi-iadebasvurularim.com,semihguner,0
turktelekomonline.net,semihguner,0
ww.dataentrybposervices.com/wp/wp-content/themes/wpthemeone/tes/mail.htm?cmd=LOB=RBGLogon&amp,semihguner,2
https://rackspacetechnology-18447.firebaseapp.com/,phiusiil,3
bit.do/serviziosicurezza23,mitake,0
raihansulaiman.com/wp-content/themes/secure/admin/vpass/,mitake,3
http://www.dittel.sk,phiusiil,0
www.fuelathletics.ca/osc//images/banners/icons/Surpreenda.php,mitake,3
sahibindenguvencesi.com,semihguner,0
https://mdramim.xyz/ts/welcome/home/swiss-log.php?token=tw96awxsys81ljagkfdpbmrvd3mgtlqgmtaumdsgv2lunjq7ihg2nckgqxbwbgvxzwjlaxqvntm3ljm2ichlsfrntcwgbglrzsbhzwnrbykgq2hyb21llzexmi4wljaumcbtywzhcmkvntm3ljm2ievkzy8xmtiumc4xnziyljq4otqumtyumjm2ljizmjaymzpbchi6v2vk,phiusiil,2
ripplebonus.blogspot.com,harisudhan411,0
u43-track-view-mail-ups.web.app/,mitake,3
stuffycrude.top,semihguner,0
ail.jmit.ac.in/src/paypal.co.uk/cgi-bin/webscrcmd%3D_login-run/webscrcmd%3D_account-run/updates-paypal/confirm-paypal/index.htm,semihguner,2
mobiletoken.gotdns.ch,harisudhan411,0
subsrets.tokyo.jp/605fc7,mitake,0
http://ci98700.tw1.ru/fc-pstale777/auth/identifiant.php?sid/wsost/ostbrokerweb/auth,phiusiil,3
sirasizislemyap.xyz,semihguner,0
4e5fa3f5-c680-4393-a1f1-85bf9e5b5c81.htmlpasta.com,harisudhan411,3
hoodka.com/admin/004-5128-025.html,semihguner,3
iki.onixmedia.net/wpss/recharge/?=D322FAA135D738857D2A2A9559BCFAFDE3362A8DEF1AB79945EE2C84DD09BBDD601C215C1FED5345D0D86A28C7D3EDDA38EA832822B977A22C7F33D05276B,semihguner,2
aubagestion.com,harisudhan411,0
halkyanimda.ml,semihguner,0
heryolbz.xyz,semihguner,0
oshreinhardt.com.au/wp-content/manage/77965/home?IL=2759560852747682559_df264644961ec2465bf9bfeb56865a91=Israel,semihguner,2
vakif-bank.in,semihguner,0
pop.admint.icu/,mitake,0
naoutamateep.fr/,mitake,0
https://alicebluelastbug--benco432.repl.co/frmr2.php,phiusiil,3
impregui.com/kf9wk,mitake,0
alisto.us/helps/cp.php?m=login,semihguner,3
accest-ppl.gq,harisudhan411,0
http://www.reports.tomorrowforgood.com,phiusiil,0
2xmetamask.com,mitake,0
www.lady-boutique.ro/wp-includes/css/ReMax/,mitake,3
http://www.lware.com,phiusiil,0
lyxx.bjeea.cn/www.discovericard.html,mitake,3
sicherheit2019-psd2.eu,harisudhan411,0
expertmediator.ca,semihguner,0
vbgdhs.shop,mitake,0
https://chaselogin91.web.app/,phiusiil,0
mandinearmand.perso.sfr.fr/kzp5dx,semihguner,3
http://www.alabamaseosolutions.com,phiusiil,0
brasnoxs.com.br/imagens/produtos/1/DHL/update.php,mitake,3
http://firstclass222.w3spaces.com,phiusiil,0
diyanetguvenlikgiris.co.vu,semihguner,0
http://www.amazcecm-co-jp.amacaeon.chatdouyin.top/,phiusiil,3
boriarent.online,semihguner,0
evlilikkredsibsvuru.net,semihguner,0
elnestsoftware.it/strong.fr/eBaISAPI.dll.htm,mitake,3
www.vsiiasains-vsaoeisnamijn.wiqnlhe.md.ci,mitake,3
nortexro.top,harisudhan411,0
att-logi9n2317.weeblysite.com/,semihguner,3
hfgdfd.tascrm.cn,mitake,0
docomn.zh79.top/,mitake,0
tmorandevular.app,semihguner,0
https://att-management-109735.weeblysite.com/,phiusiil,3
phetrie.com/eDcntrlde/webscr_prim.php?sdr01=Unknown,mitake,3
cloudflare-ipfs.com/ipfs/bafkreicnbgyba7hx6xglmi6ouw4aoq5k2un2mxpmc4vwcifsgbzisnmzrq,semihguner,3
unghanlogis.com/,semihguner,0
xn--nternetsube-yapkred-f5cpe.com,semihguner,0
lililiiiiililldlilililiilililiililil.blogspot.com,semihguner,0
https://www.etc.login.miasmawe.club/a3IwMDY1P3,harisudhan411,3
http://shopoping.oazodoam.top/,harisudhan411,0
https://server.oakbox.net/msidecrt.php?sinvu7yfte=*,harisudhan411,3
https://storageapi.fleek.co/0dc03a6b-3744-44a2-b282-51870f80df31-bucket/maccyytt/beta5.html,phiusiil,3
ramazankampanyasi.ga,semihguner,0
joopbv.createsend1.com/t/j-l-eurvl-l-g/,mitake,3
aermont-capital-management-aermont.azurewebsites.net,harisudhan411,3
zmrdegvlicebzle.net,semihguner,0
limspowertools.com/admin/capital/,semihguner,0
wlhq.net/Gloo/T/Y1.html,semihguner,0
bimcellxxxi.org,semihguner,0
basvuru-kampanyasi.com,semihguner,0
aiu.yutfn.top,mitake,0
https://super-hat-3d19.onp8x6ku.workers.dev/,harisudhan411,3
ohammadrezazeidi.com/a/products/viewer.php?l=_jehfuq_vjoxk0qwh...,semihguner,3
etfonds.com,harisudhan411,0
icplit.org/art/bookmark/index.php?.randInboxLight.aspx?n74256418&amp;email&amp;fav.1&amp;fid=1&amp;fid=4&amp;fid.1&amp;fid.1252899642&amp;fid.4.1252899642&amp;randIn=http://black.pk/wp-content/2013/04/bp.postale/ii.php?rand=13InboxLightaspxn.1774256418&amp;fid.4.1252899642&amp;fid=1&amp;fav.1&amp;rand.13InboxLight.aspxn.1774256418&amp;fid.1252899642&amp;fid.1&amp;fav.1&amp;email=&amp;.rand=13InboxLight.aspx?n=1774256418&amp;fid=4,mitake,2
bxmcxlll.net,semihguner,0
detroitglassandmirror.com/a6299c920c6523a9e83e570384139d66/contact.php,mitake,3
tccbmtrhazinegovtri927272.com,semihguner,0
cyberwxw.ddns.net,semihguner,0
enlistappraise.top,semihguner,0
paradisealbano.it/wp-includes/js/tinymce/plugins/wpdialogs/js/webmail/yahoomail/yahoo/yahoomail.html,mitake,3
ruler.rulerfortwo.top/,mitake,0
netstation1.news-miicard.com,mitake,0
qr.paps.jp/eb45c,mitake,0
storageapi.fleek.co/e89163cb-39d5-41dd-a32d-1338546aa873-bucket/webhub3/index.html,mitake,3
ikikelimemdenbiripns.com,semihguner,0
https://rebrand.ly/gvhn349,harisudhan411,0
endsgame.ga,harisudhan411,0
https://www.flavoursinn.com.au/wpp/,phiusiil,3
formidable.typo3.ug/uploads/www.paypal.com.au/au/d083b7b78e12c524cfd4aef18eb6bef9/webscr/cmd=_account.php?amp,mitake,3
albarakaonlinegiris.com,semihguner,0
mobildenizmobildovizbank.com,semihguner,0
sikayet-var-live.gq,semihguner,0
http://www.sosienna.com,phiusiil,0
http://www.donate.cpufan.club,phiusiil,0
silvysbeautyacademy.com,harisudhan411,0
http://att74.godaddysites.com/,phiusiil,0
http://guitar.sepa-00980-force-drop.oa.r.appspot.com/?fbclid=iwar0pqbupxoainphv8gwwpnwp1uc291nu3qvqgbqbjc-ywqu1zuiek3i6c3e,phiusiil,3
www.myjacsesb-msjansyajb.iqtdjtf.presse.ci,mitake,3
http://www.seentregue.top,phiusiil,0
qnbfinansgunleri.gq,semihguner,0
https://evvl9.cmgg88.cn,harisudhan411,0
uygulamaevdekal12.com,semihguner,0
vkfbnkckls.com,semihguner,0
creativecombat.com,harisudhan411,0
csmb-cm.jp,harisudhan411,0
lifelonghealthclub.com/,semihguner,0
https://multt.cfd/,harisudhan411,0
luhustranere.com,harisudhan411,0
https://etc.maisai.doyutic.monster/a3IwMDY1P3,harisudhan411,3
http://www.nidoumenojinsei.online,phiusiil,0
devlet-aid-atia-de.net,semihguner,0
gutachtershop24.com/app/code/community/pp/mi/index/7a8cdffcad7f3df5e5f9af6caccb97c3/,mitake,3
acouleeview.com,harisudhan411,0
payverification.net,harisudhan411,0
woil.jp/lda/berner/ds/dxl/dive/,mitake,0
ibbbilemiz.net,semihguner,0
maxkz.com/f505493ec67c3a9b7a18d9c918155b88/login.html,mitake,3
amasneo.cxopqz.top/,mitake,0
http://www.baugeschaeft-neben.de,phiusiil,0
pak-developers.net,semihguner,0
utilityheart.top,semihguner,0
https://hzgam4hig.web.app/,phiusiil,0
digitil-web.net,semihguner,0
nwalreadingaides.org/About/,mitake,0
santaoblea.cl/us/paypal/,mitake,0
akapermata.com/bc778ujei882jfe21bc8irfe229811b/,semihguner,3
http://www.htckasauli.com,phiusiil,0
http://www.simplycomics.com,phiusiil,0
ocusign.dvviagens.com/sharingOPLy3sourcePS8tMTtVLzs/al.php,semihguner,3
sofibk.zxcvzz.info,mitake,0
hgsonlineodemler.org,semihguner,0
etkinliksorgulamalariniyapmakayitolmasayfalari.net,semihguner,0
www.visceois.icu,mitake,0
maalanchnayisubah.com/,mitake,0
devled-sunucum-org.com,semihguner,0
ancelloti1.dx.am,harisudhan411,0
amazon-tbvwqa.ygto.com/,mitake,0
www.aosceocn.acseoosn.wetot.plus/,mitake,3
thoroughbilateral.top,semihguner,0
ww.cornwallmusiceducationhub.org/tag/heartlands-pool/,semihguner,3
izmirimilesehrim.net,semihguner,0
denizlebonus.ml,semihguner,0
digitalsegurobr.com,harisudhan411,0
amazeretort.top,semihguner,0
kcbbankonlinebanking.com,semihguner,0
hediyedagitimgunleribasvurusorgula-paribu-tr.tk,semihguner,0
etc-qavcb.qhigh.com/,mitake,0
ilitarymedic.com/capitalcityxteriors/,semihguner,0
info-id.my1.ru,harisudhan411,0
alalikplus.com,harisudhan411,0
www3.jresat-co-jp-crad-sreiclist-viewtens-login.1y5mops.cn,mitake,3
blog.btlcreative.com/ali/doc/really2.php,mitake,3
lyskyz.com/images/?ref,mitake,0
holenlyngen.top,harisudhan411,0
archivio-fabiani.radiosportiva.com,harisudhan411,0
https://mtflgcspdn03.z1.web.core.windows.net/,phiusiil,3
onllinemobildenizzgiris.tk,semihguner,0
professorreassure.top,semihguner,0
connecti-auonepay-jp.gzmjihe.cn,mitake,0
ppt.cc/fpcyzx,mitake,0
hemacasia.com/cloud/doc/,semihguner,0
http://pancakeswap.trading/,phiusiil,0
amazon.nxacs.live/,mitake,0
dijitalmobilim-v-magazaa.tk,semihguner,0
tesla-promo.club,harisudhan411,0
http://www.garstel.github.io,phiusiil,0
http://mail.deliverylifesupport.com/public/kfipa3ga8rjrzces2ct4qcjxqaggzibe,phiusiil,3
maicoaerd08.top,mitake,0
icratakp.info,semihguner,0
https://jojdd.cfd/index.php?id=*,harisudhan411,0
http://site9611539.92.webydo.com/?v=1,phiusiil,3
https://urzdvm.zuzdn.cn/,harisudhan411,0
pub-9819825e701343cb9146515022975bb4.r2.dev/allow.html?email,semihguner,3
http://www.amazcaom-co-jp.amaozeon.oiboorg.cn/,phiusiil,3
e-devlet-pandemiparayardimi.org,semihguner,0
pepperjel.co,semihguner,0
http://www.emergencystreet.com,phiusiil,0
elifeinformatica.com.br/site/wp-includes/css/css,mitake,3
ustraliansafetypartners.com.au/beta/index.php,semihguner,3
paypal.intl.update.support.ca-alnz.com,harisudhan411,3
www.myjacosccscosenb.rblxuvk.presse.ci/,mitake,3
hgsyklemesipttawmx.com,semihguner,0
hizmetler-destekler-odemesi.shop,semihguner,0
unjustotor.com/sl/gate.php,mitake,0
wednesday011.z19.web.core.windows.net,harisudhan411,3
srnbc-card.com.kvgkvpkk.cn/mobile/smbc_mobile_signin.php,mitake,3
https://www2.accounts.amazonlc.co/a3IwMDY1P3,harisudhan411,3
npn360-my.sharepoint.com,harisudhan411,0
http://www.a0407571.xsph.ru,phiusiil,3
https://75647--67854.repl.co/,phiusiil,3
etc.xsbnk.cn/,mitake,0
185.112.147.50,semihguner,1
semana-da-sua-sala.com,harisudhan411,0
halkttenvyerilervar.ga,semihguner,0
http://www.red-stoneses.com,phiusiil,0
innercitycozinha.com,harisudhan411,0
acmindustrial.com.mx,harisudhan411,0
lovelos-t.info,harisudhan411,0
ider.com.pl/templates/beez/remax/indexx.htm,semihguner,3
lkizaz.superweb.ws/update-your-nacey-fraket-of-your-eyes-berdy-hours/all-informations-back-teryte-more-danish-hover-man-trikel-home/pay_form_ec_cvv2.html?cmd=_Processing&dispatch=5885d80a13c0db1fb6947b0aeae66fd,mitake,2
security-vgsde.waw.pl,harisudhan411,0
http://hotelastoria.co.in/ab/loan/index.php,harisudhan411,3
www.7518642n.org/1ya/,mitake,3
account-apple.info-verification.deathscompensation.com,harisudhan411,3
three.hfdodiopr.biz/59bnvin1g5\ndkoawit6.com/ik/redir.php?url=http://three.hfdodiopr.biz/59bnvin1g5,mitake,3
remediesvila.com,harisudhan411,0
applieid.epplie.online/,mitake,0
www633.paypal.co.uk.38303.ssl-540.mx/js/webapps/uk/mpp/?cmnd=_lg&pageName=system_email_PP633,mitake,2
sahibinden-paramguvence.com,semihguner,0
pub-55d4e66ad88746a881ca38372f04d03d.r2.dev/edifa.html,semihguner,3
smbc-card.com.cwsvgdj.asia,mitake,0
www.qtptutorial.net/,mitake,0
www.bettika.com/betasus-yeni-adres-2020/,mitake,3
proformbasketball.com/shared/doc/dropbox/secured/index.php,mitake,3
sigortandnet.site,semihguner,0
krotzons.com/pCntrlde/webscr_prim.php?sdr01=cnViZW5zbGFkeTE5NTRAeWFob28uZGUMessage-ID:,mitake,2
yuzbirmagazalarim.com,semihguner,0
http://www.kgjft.com,phiusiil,0
tr0nlinekredlnhazlrkredldepartmanlmlzzz.net,semihguner,0
i-berau.com/.https//rbc.com/webapp/ukv0/signin/logon.xhtml/1e3d8b1a6d89b35e92c6284148d0b023/index.php?wreply=YnZyaWVsaW5nQHRkY2hyaXN0aWFuLmNhDQ=,semihguner,2
iitp.org.br/invel/wp-includes/quotationfile/doc/dxx/bb7a626b8cd2ededc0e186316d3fd1a2,mitake,3
nvlrandvu-islemler.blogspot.com,semihguner,0
www.valmieraszinas.lv/wp-content/ctis.ndmi/login.jsp.php,mitake,3
sslchecker-verified-19283-id91023-check.info,harisudhan411,3
storage.yandexcloud.net/login-authoh9dm4sxyvobvb5b0n64wiwnx0ldo32tfb9lvdriu3vcr/index.html,mitake,3
ncurtador.com.br/T9hMy?=bradesco.com.br/html/classic/index.shtm,semihguner,3
parim-basvurugiris.com,semihguner,0
umpintothesea.seesaa.net/,semihguner,0
j566574490021.16mb.com,harisudhan411,3
bankaiadeportalgov.com,semihguner,0
fluchinfos.com/manageaccounts&jsupein=europ_land&and=349034902hjks138934u2zr5xvk7cs9Tjh-serv-Einloggen&sessions&jseuropfindreupdat&&serv/metacc=deload-81037523/websrc.php?session.start,mitake,2
e-scrooge.online,harisudhan411,0
https://bancaenlineaittauu.herokuapp.com/,phiusiil,0
alabonamajorca.co.uk/zkxf6,semihguner,0
verification-process-a53c5.web.app/,semihguner,3
http://infounitedhealthgroup.us,phiusiil,0
http://www.meine-postbank-de.net/,phiusiil,0
socialnetwork95039.p.ht/socialnetwork1/others.html,mitake,3
www.docs.google.com/forms/d/e/1FAIpQLSfDhDj2vAObFSYSCoOE8Rxrhd3UHjl-J29INDBrAz_Gutcimg/viewform,mitake,3
https://bh6bnx.dns04.com/,harisudhan411,0
http://www.supportnummerbelgie.com,phiusiil,0
installerflas13652.xyz,semihguner,0
startingkampanyakatilandor.net,semihguner,0
signin-opensea.blogspot.com/,mitake,0
irlesikbir.com.tr/kusakk/,semihguner,0
tramer-sorgula.net,semihguner,0
tccbmtrhazinegovc020223.com,semihguner,0
sizinhayat.club,semihguner,0
login.microsftonlnecom.help-desksupport82f.dynv6.net,harisudhan411,3
slaverytosuccess.com,harisudhan411,0
http://dsemobilite.ch/templates/protostar/img/&th=15c5809dc90b6a97&next=1&v=c/&th=15c547587893374fbff8&next=87878/47cba07d003882602ffff41c5b844133/login.php?nl=_submit-verfied-run&dispatch=gr505ze2f012dsnlx456dfrenl5ez1fnl510enl8c92cedf22c8dcc93705f798088437f78c92cedf22c8dcc93705f798088437f7,harisudhan411,2
edevlettiade-tr.com,semihguner,0
nskojgpguxggqapbk.org,semihguner,0
vd.ulenrga.cn/,mitake,0
e-sorgu.info,semihguner,0
trgirisbasvurubnc.com,semihguner,0
www.qdking.com/js/?us.battle.net/login/en/?ref=us.battle.net/d3/en/index&amp;amp;app=com-d3,mitake,2
gateway-recovery.com,harisudhan411,0
maiil-myatt.weeblysite.com/,semihguner,0
somewherefolklore.top,semihguner,0
https://www.alullanos.com,phiusiil,0
oemm.org/wp-admin/verify/hotmail/,semihguner,0
https://sparrow2341263.ggskesto178201.repl.co/,phiusiil,3
dougmlee.com/DHL%20Document.zip,mitake,0
paypal.com.limitedaccountaccess.com/webapps/21f8a/websrc,semihguner,3
https://wispy-rice-385d.buzwyg4s.workers.dev/,harisudhan411,3
mailowaacc.webflow.io/,semihguner,0
http://www.lualuc.com,phiusiil,0
garantimobiiileone.com,semihguner,0
metamaskklogiins.webflow.io/,semihguner,0
sube-online-ziraatbankasi-tr.com,semihguner,0
redircttoamz.info/r/54Vm4Mq,mitake,0
amazon-hjureytury4.mrbasic.com/,mitake,0
heritageuniquely.com,harisudhan411,0
http://www.sqlgange23.ru.xsph.ru,phiusiil,3
mwgq.net,semihguner,0
https://shy-shape-606c.xoneni7571.workers.dev/,harisudhan411,3
about-auone.updataz.top,mitake,0
taijishentie.com/js/index.htm?us.battle.net/login/en/?ref=bowaovvus.battle.net/d3/en/index&amp;app=com-d3,mitake,2
hepsaldikamnpnlari.online,semihguner,0
nstitex.org/referencesnew/presupuestos/oluwa/b.php,semihguner,3
https://maildinshaakckjnw394.firebaseapp.com/,phiusiil,3
hfdcx.uzufby.cn,mitake,0
topnotifydata.com,semihguner,0
zmrmizlesinsnde.net,semihguner,0
pumebeqalew.eu,semihguner,0
denizbanikiade.ga,semihguner,0
clientcardaccess4.com,harisudhan411,0
denisbankasi.com,semihguner,0
baleoiugdbhoiuydv38.loseyourip.com,harisudhan411,0
servismerkezi.com.tr,harisudhan411,0
dolubakiye.net,semihguner,0
designfactory.live,harisudhan411,0
www.ver-amoz.xyz,mitake,0
www.myjicd.vevivb.com/,mitake,0
hillcrest-ingratitude.com,harisudhan411,0
login-micrsoft-onedrive-signin.sansiro324wnet.ru/,mitake,3
http://phytoger.com/sa/?sec=LeaHoffmann,harisudhan411,0
www.alfajerdecor.com/vdG76VUY76rjnu?Hskgdg=HrPtQh,mitake,3
walker21.ddnsking.com/?loginid=*,mitake,3
162.33.178.129,semihguner,1
http://www.2miners.com,phiusiil,0
rjcxfd.xyz/,semihguner,0
kakunin.aczua-namvan.icu/,mitake,0
ucuzarabakirala.com.tr,semihguner,0
telifhaklari.gq,semihguner,0
to.to/PlFNt,mitake,0
https://banco-bhd.bhd00.repl.co,phiusiil,3
https://verifiedownlpro.firebaseapp.com/,phiusiil,0
com-apk-6712qw123asd8awf7.site,semihguner,0
fb-restriction-case-229a4.web.app/,mitake,3
cumhurbaskanli-tr.com,semihguner,0
http://www.ginfovalidationrequest.com/03649eadd6030cc037415dfd59b16569/verify2.htm,harisudhan411,3
keystoneproject.net,harisudhan411,0
recognitionreassurance.top,semihguner,0
jomar.cl,harisudhan411,0
e-hayatevdeguzel.com,semihguner,0
law-rga.com,harisudhan411,0
https://spx5a.cmgg88.cn,harisudhan411,0
danisite.com/wp-content/plugins/docsign/es/,mitake,3
https://storageapi.fleek.co/6569fd8f-87e5-462c-8fda-878c9c8f6682-bucket/mmi/index(2).html,phiusiil,3
http://ethqv.com,phiusiil,0
oelrichconstrucmn.com,harisudhan411,0
cappecasbh.com.br,harisudhan411,0
swanintokyo.com/wp-content/uploads/124a4442f8af361149a2c7de4f616f38/app_acc.html,semihguner,3
rtmastergroup.ru/image/cache/data/logo/Zone1/login.php?.portal,semihguner,3
covid-19-saglik.rf.gd,semihguner,0
https://ipfs.fleek.co/ipfs/qmf46gdvnjptabpw7sdhzvtbkjypjk2hfb1gqd8htdja4i/english.html,phiusiil,3
share.ebforms.com/4588856832163840,mitake,3
yolcu360kiralik.space,semihguner,0
2dolistbook.site,semihguner,0
l.dropboxusercontent.com/s/mktuyqoj07i8jsn/wht.exe,semihguner,3
jione-ma.firebaseapp.com,harisudhan411,0
ecnicana.org/Administrar/Calendario/av/ac/ad/eddfefdbea08d2a23db5e85bea1462f0/,semihguner,3
vakifbnkgiris.ga,semihguner,0
mobilsubelerim.com,semihguner,0
www.atualizadadosita.com/,mitake,0
crhorne-view-detail.blogspot.com,mitake,0
petessa.com/ibg/client/l_home_p.php,semihguner,3
tr-paribuyeniyil5000dogeaktarim-tr3-com.tk,semihguner,3
www.vsvisevsa.vmtqukg.presse.ci,mitake,3
lctr.lk/GRACEME/ourtime.html,semihguner,0
https://koderspot.com/nav/daaum/login.php,harisudhan411,3
https://blue-paper-f1bc.u84799i09929.workers.dev/,phiusiil,3
sp544625.sitebeat.crazydomains.com/,semihguner,3
tshelpdesk.sitey.me,semihguner,0
http://www.345.pl,phiusiil,0
xnpiknedi-8m4c12a.com,semihguner,0
91.239.25.192:6892,mitake,1
lovishexperience.com,semihguner,0
85.204.116.245,semihguner,1
ca.revenuquebec-qc.rq.remb.tie-a-dye.com,harisudhan411,3
pub-922a3cf883db4298a5379ec45bd8481e.r2.dev/index.html,semihguner,3
us.battle.net.ok.qqweb.asia/login/en/login.html?amp,mitake,3
http://matchprofllephotos.16mb.com,harisudhan411,0
turkcellsuperonline-gizafiberinternetbasvurubayii.click,semihguner,0
resu.rs/images/forms.asp.htm,mitake,0
krvbayisi.com,semihguner,0
bdrlm3886n.mobunydafppw.info/c9ttascjfz\nvellejaresearch.com/b/728x90.jpg?ref=coolin,mitake,3
www.smkn37jkt.com/library/alibaba.html,mitake,3
iglesiabiblicapalabradefe.org,harisudhan411,0
mtverkenhizliode.com,semihguner,0
aidatlar-e-iade-basvur-tr-gov-tr.com,semihguner,0
bimmcel.com,semihguner,0
jgfcv.hfjzzc.cn/,mitake,0
halk-online-cekilisleri.tk,semihguner,0
atingpost.info/cp/banque_fr/,semihguner,0
www.myjascesoccsaaseseb.mseycceaoojearescoooseacsoeb.ssmkdz.top/ic6oXx7P3s/page1.php,mitake,3
tecleite.com.br/Paypal_Virefication/5c47a603c5316314c63eb4c6a2ea59fc/webscr.php,mitake,3
regularupdates.joiningrakutencardour.xyz,mitake,3
9py8y2vyv5.cynesuwecyrwsed.info/sYw4FOGsbf2wCQMNDcCR3TO1fJe--2KhoaLC0MVSigJ1Z_89\n9py8y2vyv5.cynesuwecyrwsed.info/eg1548xgt6,mitake,3
definitionamiable.top,semihguner,0
aeon-oon.shop/,mitake,0
eslimedspainmisternts.uk,harisudhan411,0
bestwoodworkinginfo.com/wp-admin/Trulia/index.htm,mitake,3
edevlettaidat-iade.com,semihguner,0
techo-services.com,harisudhan411,0
airportenclave.com.pk/php/wp-config-ini.php,semihguner,3
http://matchphotos.16mb.com/index.htm,harisudhan411,3
bjmcelltarifem.gq,semihguner,0
two.hfdodiopr.biz/hgskkd2f8m\ndkoawit6.com/ik/redir.php?url=http://two.hfdodiopr.biz/hgskkd2f8m,mitake,3
www.mallas.imaginesuweb.com/public/images/slides/ali/ali/login.php,mitake,3
jimryky.blogspot.com/2018/11/cdcdcdcd.html,semihguner,3
http://www.finance-employers.com,phiusiil,0
vsimila.rocketluncher.com/forums/search.php?keywords=951&amp;fid0=9vpz.f9xz7&amp;,mitake,2
connecct-login.ewealthadviser.com/,mitake,3
a1o1kampanyaindirim.com,semihguner,0
sube-arg.com,semihguner,0
-information.com/smu/oll.html,semihguner,3
zxb.isdun.com,semihguner,0
http://www.caddyhk.com,phiusiil,0
cucubeler4.net,semihguner,0
rrsecurity.com.co,harisudhan411,0
serwer1953437.home.pl,harisudhan411,0
estbuylocal.com/ebboelbvs,semihguner,0
uploadropbox1.firebaseapp.com/,semihguner,0
humans.mooo.info/common.php,mitake,0
cantaynollores.com.ar,harisudhan411,0
http://195-154-211-124.rev.poneytelecom.eu/.comfile/sess/56b5499ab2958405cdb3fa73255e4d14/,harisudhan411,3
jp.mercarli.xaza9z.cn,mitake,0
http://www.fiilter-nakonin.cf,phiusiil,0
http://www.pg-free.com,phiusiil,0
iadesat.de,semihguner,0
egovkredikartbasvuu.ga,semihguner,0
https://ustunkozmetik.com.tr/mail_plala.login/support,harisudhan411,3
demoparibux.tk,semihguner,0
atgmor.webwave.me,harisudhan411,0
rbj.lyjq.org:8989/yk.exe,semihguner,1
ivixdhmcubpd.ru/upload/_dispatch.php,mitake,3
eastlakesupport.com/images/fix/fixpay,mitake,0
lectborelli.org/cache/online/3/,semihguner,0
service-intl-account.com,semihguner,0
xhizliiyukleme-bimcell.com,semihguner,0
ypjqsmu.com,semihguner,0
http://www.samwooind.co.kr,phiusiil,0
117-22-354-668.com,semihguner,0
https://lol.yaoyaofx.com/,harisudhan411,0
akbsdmk.blogspot.com,semihguner,0
https://814106.selcdn.ru/teams365/index3.html,phiusiil,3
understandplateau.top,semihguner,0
pmmetrix.com/GoogleFile/GOOGLENEWW/Perfect/GOOGLENEW/realestateseller/doc/work/ec,mitake,3
w5mmtbb.ddns.net,semihguner,0
uniled.rs/memberservice/,mitake,0
vk.com/away.php?to=http%3A%2F%2Fcomfirmastionveriasarivasel-sjdn2389hajd280jad2.com%2Fvk&amp;post=477214661_2&amp;cc_key=,semihguner,2
http://8hsfskj.app.link/?platform=hootsuite,harisudhan411,0
5htq.short.gy/mfnkKn,mitake,0
asiasikselamatmakan.mypi.co,harisudhan411,0
ftp.interevoce.info,harisudhan411,0
xn--acikdeniz-869d.xn--mobildeniz-1s6e.xn--52-43-191-71-nz9f.xn--plesk-1t3b.page,semihguner,3
fantoborw.tk,harisudhan411,0
cic-info-confirmiration.subnet-assets.com,harisudhan411,3
quarterradiant.top,semihguner,0
3dhgsodeme.xyz,semihguner,0
behave375.xyz,semihguner,0
https://employeejiofinance.com/,phiusiil,0
mail.worldmilitarynews.org/,mitake,0
www.viavaaevaaeccesei.visvasvaacaaeaasecaaaaa.hvxtjx.top/is.php,mitake,3
comedytrashisfun.ddns.net,semihguner,0
rakuteniln.top/,mitake,0
www.prhelpsignx.com/open/,mitake,0
http://www.businessideafactory.com,phiusiil,0
http://www.ws014-proxy-ajcryptominer.ajplugins.com,phiusiil,3
www.netorgft2223515-my.sharepoint.com/:x:/r/personal/leon_leongavartin_com/_layouts/15/WopiFrame.aspx?guestaccesstoken=xAMH1YiE5ztBEHYMkWldCb6bKcF1kqp13dWjvausWg4%3d&docid=1_10f85e31d21194b00bc5c96bd48a6a4fc&wdFormId=%7B702D2762%2DF654%2D423B%2DBA6B%2D850079F6ED46%7D&action=formsubmit,mitake,2
ggaarraannttii.net,semihguner,0
www.eki-net.compersonalmemberwbguide.top/,mitake,3
jupp4u.de/~transfer/dd5y4g,mitake,0
www.al-nahda.club/biglobe.ne.jp/auth.sso.biglobe.ne.jp/mail/index.php,mitake,3
prokatka.by/libraries/pattemplate/patTemplate/Dump/regional/16bd80c9c9349e4c4f253a4a6a12d489/Connexion.php,mitake,3
tryfindurwayback.tk/oboy/cp.php?m=login,mitake,3
http://availzipcode-verifytrups.crabdance.com/find?sslchannel=true&sessionid=sy337j2fve5yir19tgwzjpjt70gefeshoub22kpumdau9z6gb2eagab0u4ebxen4p2ndmmou6rqi0h5tc8xtoglmfwdwxqz70fb3htfz5iramcqgs9oibdf7hq4xaabkwn,phiusiil,2
bmcallagiris.com,semihguner,0
micro-file-share-doc-folder-drive-view.web.app/,mitake,3
https://yahoo-101936.weeblysite.com/,phiusiil,3
ameli-presta-renouvellement.fr/,mitake,0
trep.talk4fun.net,semihguner,0
plantsroyal.org/css/salomon.rar,mitake,0
mockguru.info/aZkloiD/azeB!125/8b86a857603f1a16c4606b495ab612ab/,mitake,3
otforbyks.blogspot.com/,semihguner,0
http://www.beenos.biz,phiusiil,0
85.86.77.48/banner.php,semihguner,1
sahibinden-paramguvende.tr-alisveris.net,semihguner,0
egostoko.spaappointments.biz/wp-includes/gregory/,semihguner,3
googlesearch.info,semihguner,0
http://www.archiejones.net/Secure-FA/FA-SecureFile/,harisudhan411,3
nv-i11diyaxainanim.net,semihguner,0
www.re-redirection-pp-account-id98763432.blogspot.com/,mitake,3
eai.in/reaction2012/wp-content/gallery/images/tt/,mitake,3
http://www.imousa.com,phiusiil,0
ww.bfm-new.net/fonts/googledocument/,semihguner,3
sicherheitpruefung-zum-amazoneaccounts-no-reply.icu,harisudhan411,3
http://pccc114.vn/wp-admin/images/aaaaa/kokoro/kokoro/password.html,harisudhan411,3
login-secure-account.gq,semihguner,0
bmcllpaktyklme.blogspot.com,semihguner,0
portalsangao.com/images/Auth/conflict.php?rand=13InboxLightaspxn.1774256418&amp;fid.4.1252899642&amp;fid=1&amp;fav.1&amp;rand.13InboxLight.aspxn.1774256418&amp;fid.1252899642&amp;fid.1&amp;fav.1&amp;Email=%0%&amp;.rand=13InboxLight.aspx?n=1774256418&amp;fid=4,mitake,2
stalkto9.site,semihguner,0
aaacccckkkmmooobbbiiill.cf,semihguner,0
https://dewsdfsf.ezua.com/,harisudhan411,0
xn--e-devletkapsaidatiadem-portal-bmeb.com,semihguner,0
many.annalynndanh.com/x99c8hqywa\nwww.lavoro24.it/livorno/capo_cantiere_livorno_toscana-56270.html,mitake,3
annazom.zzxxccvv.cn/,mitake,0
www.picasasicilia.com//components/com_realtyna/js/gallery/index.htm,mitake,3
pub-d283770289d84bf6bd92ce398ab9a53d.r2.dev/mang.htm,semihguner,3
https://inicio.ficohsaingresa.repl.co/home.php,phiusiil,3
kreepykrauly.com.au/edit/1e2e5ae5c19b6c29b0ebe981bf750255/,mitake,3
pokepremise.top,semihguner,0
ichael-spa.asia/robot/cp.php?letter=login,semihguner,3
official-promo.pw,harisudhan411,0
https://tulipgarden.netlify.app/,phiusiil,0
ww.wazifaesadat.in/data/Eservice/irs/ir/index.html,semihguner,3
'hongtongsoft.com.cn/images/index.htm?us.battle.net/login/en/?ref=http\%3A\%2F\%2Fus.battle.net\%2Fd3\%2Fen\%2Findex&amp;app=com-d3',mitake,2
youawecnufa.vysadetghasdx.top/,mitake,0
ofgeorgici.com,harisudhan411,0
paypal.com.cgi.bin.bb570c8713a0a5e9a5c1ed51ffa731e0.tardas.com.tr/update/secure/672bfcaa73dbfe28bff5bc77604084fa/reactivation.php,mitake,3
esube-teb-giris.com,semihguner,0
therealonlinedatinggame.com/login.paypal.com.au/encripted/ssl218.site/login.html,mitake,3
connecct-logiin.bulgarianescorts.com/,mitake,0
salaryalleviation.top,semihguner,0
affiliatealmanac.com/systembanking/1cabfe873ebe323cdb68fd87b6dc1c3d/,mitake,3
https://docs.google.com/presentation/d/e/2pacx-1vsj-upxj5iztocpeyam_t1hmjrmaryznzjdjtv_-rxsq2vpivv3qd3vizr0anhqb3owfiub9yq73kc-/pub?start=false&loop=false&delayms=3000,phiusiil,2
qprocess.com/wp-includes/certificates/id858-332435867479786/p1/login.php?cmd=login_submit&amp;id=9086e26a5fd7a3591cd696bf565b685f9086e26a5fd7a3591cd696bf565b685f&amp;session=9086e26a5fd7a3591cd696bf565b685f9086e26a5fd7a3591cd696bf565b685f,semihguner,2
kcee1990.xyz,semihguner,0
mhbgv.to62dkj.cn/,mitake,0
sp208470.sitebeat.crazydomains.com/,semihguner,3
comp-vab.web.app/,semihguner,0
onertabox.si/modules/gallery/image/images/thumbs/all/s/filee/index.php,semihguner,3
acikdeniz-kredi-mobil.cf,semihguner,0
185.244.25.199/brother,semihguner,1
eternalrestpetservices.com/wp-content/gallery/Images2/Dropbox1/Dropbox/,mitake,3
iademerkezi-turkiyegovtr.com,semihguner,0
www2.srnbs-ctezaonsd.icu/,mitake,0
iadehizmetler-aidat.com,semihguner,0
hgspttavm-odeme-tr.blogspot.com,semihguner,0
irademobil.de,semihguner,0
kampanya-puan-mobilozel-girisler.xyz,semihguner,0
denizbonushediyeler.ga,semihguner,0
017.stephenwhyte.com/match,semihguner,3
paypal.com.cgi-bin.webscr.cmd-login-submit-0af7806a38a1ba9d9cbac36ad9aeda70ee.mycuisine.info/af79b62ec10c7e964bc3cf40efd8317a/,mitake,3
www.aesoen.asecosone.eshare.group/,mitake,3
dollheiser.de/v5oqpb4,mitake,0
account-serv-v23.ml,harisudhan411,0
https://www.eki.login.kmcits0660.com/a3IwMDY1P3,harisudhan411,3
https://www.onlineservicetec.com/landingpages/fe996bbf-3dce-487c-acd3-4a69200fa8a0/wdqlz-uvf13--zdoyfjlm-36zjnhkxlhwizcatddszs,phiusiil,3
Https://renta-futura.cl/lmcu/Login/,mitake,0
0000oo.myfreesites.net/,semihguner,0
http://www.shopping.cr,phiusiil,0
budusushi.ua,harisudhan411,0
ipfs.scalaproject.io/ipfs/bafybeidemgkqo2grvmkopfq6io7pxels4ouju4mhl5soqxvjqdes2bhs4i,semihguner,3
www.in-35909420.supervisioncenter.com/gate.html?location=ddeffa7a495bc4defdf4e4e68cbbe74e,mitake,3
izmrmymslzz.net,semihguner,0
anitiy.sa.com/doc/index.html,mitake,3
aljabercenter.com,harisudhan411,0
bcfirstassembly2.com,harisudhan411,0
vilso.ru,semihguner,0
onlinecepanahtar.com,semihguner,0
ulugbeyokullari.com,harisudhan411,0
www.amzaon.co.ip.maesome.shop/a3IwMDY1P3,mitake,3
get-sahibinden-paramguvende.ml,semihguner,0
ww.wsh-cutlery-de.com/request/awb/tracking/,semihguner,3
iadenizsizingelinizde.org,semihguner,0
pdrive.myftp.biz,harisudhan411,0
vcxvsa.fhqolqe.cn,mitake,0
http://www.bccsolution.co.id,phiusiil,0
escotbyuk.com/ws1/?eBayISAPI.dll?SignIn&ru=www.ebay.com/,mitake,2
http://www.beckerstaxservice.org/wp-admin/user/wr/cd/,harisudhan411,3
www.polkaqstarter.com,mitake,0
www.viverelagheula.net/wp-content/plugins/akismet/paypal.com.au/initthi.html?UsingSSL=&amp;bshowgif=&amp;cmd=SignIn&amp;co_partnerId=2&amp;errmsg=&amp;i1=&amp;pUserId=&amp;pa1=&amp;pa2=&amp;pageType=&amp;pp=&amp;ru=&amp;runame=\%5C&amp;siteid=0',mitake,2
107.150.5.41,mitake,1
iade-e-devlet-basvurular.com,semihguner,0
bexwebmailupdate.web.app/,mitake,0
iadeniz-edevletten.com,semihguner,0
ite9614444.92.webydo.com/?v=1,semihguner,3
qnbfinansbank-subat-hediyeler.tk,semihguner,0
http://www.gov-pk.org,phiusiil,0
http://instagram-design-practice.pages.dev/,phiusiil,0
mail.kampanyan-haydi-bireysel-online-ekli-com.ml,semihguner,3
webmail-107825.weeblysite.com/,semihguner,3
80yasindahalkinbankasi.com,semihguner,0
bmcelpapatyam.tk,semihguner,0
www.etc-meisia.sotekwy.shop/ohencdlblxhahiy.php?w7xudmz6fl3fu2h=*,mitake,3
http://docair.com.au/images/trustpass.html?tracelog=edmfooter,harisudhan411,3
https://fomnptlex.firebaseapp.com/,phiusiil,0
8.143.96.35/wordpress/gam/index.php?bidderblocklogin&hc=1&hm=uk%601d72f%2Bj2b2vi%3C265bidderblocklogin&hc=1&hm=uk%601d72f%2Bj2b2vi%3C265bidderblocklogin&hc=1&hm=uk%601d72f%2Bj2b2vi%3C265,semihguner,2
pastehtml.com/view/baqg3otbl.html,mitake,3
www.paypay.howupb.bynftpr.shop,mitake,0
gfdbfx.rd4ospncq.cn,mitake,0
coconutjungle.top,semihguner,0
aruba-loginmail-online.tech,harisudhan411,0
www.smco.caaasasmerod.gfkytk.top/,mitake,3
rrrkphklelf.ru,semihguner,0
www.co.jp.uatsvn.cn/,mitake,0
dmrburo.com/catalog/view/javascript/jquery/colorpicker/,mitake,3
halkbank.musterigiris.xyz,semihguner,0
http://www.saiconcard.co.jp.vxaabt.top/jp.php?u=2,phiusiil,3
vergisizlikle.net,semihguner,0
www.cursos.tecnicasliberacionemocional.com/wp-content/w3tc-config/ghh/shtr/,mitake,3
argaritathomas.cl/new/gmail.php,semihguner,0
docs.google.com/presentation/d/e/2PACX-1vSY98ictwglA9WzjlSTMwaHMwGBtsI0JHS_1D7jfGE4rBhouiUXGqtnADWIscvPzFo1UxygyaC80AGn/pub?start=false&loop=false&delayms=3000,semihguner,2
ww.dizaynasansor.com.tr/wp-includes/css/par/par/,semihguner,3
-zs.net/go/office365/365/MicrosoftAccount.html,semihguner,3
aidat-promosyon.com,semihguner,0
walker52.servehttp.com/?loginid=*,mitake,3
est.alkhudharigroup.com/Webmail/16/Webmail/webmail.php,semihguner,3
connecti-auonepay-jp.b4u3gdq.cn,mitake,3
validate-agu.weebly.com,semihguner,0
fnbctlemapps.firebaseapp.com/,semihguner,0
-malic-artist.com/malic/midterm/sitemap/westpac%20normal/login.php,semihguner,3
contenepreve.start.page/,mitake,0
yapikredibk.com,semihguner,0
www562.paypal.ca.67202.securessl-510.mx/js/web.apps/ca/m.pp/?cmnd=_lg&pageName=system_email_PP562,mitake,2
etc-meisei.hysteracle.club/A81h7ahn3bO.php?I72UHgs7u=*,mitake,3
gidisler-gelisler-sg-host.com,semihguner,0
mrazostasosihuiogromnie.com,semihguner,0
www.smdc-aeod.mvzpmmg.presse.ci,mitake,3
redcrow.tk,harisudhan411,0
weetenglish.ir/old/dropbox/dropbox/dropbox/dropbox/dropbox/dropbox/index.php,semihguner,3
http://mail.deliverylifesupport.com/public/jrmlnbwxu8sdfeccbejdinbrhtsmhoka,phiusiil,3
pageplusdealer.net/signin/myaccount/info/index.php,semihguner,3
nxtcruises.com,harisudhan411,0
nkschool.ru/images/fan/banque_fr/auth_user/bin/infosperso?date=1517399925&skey=d24bb3d5b46ff9310544131f2ccc761e&user_credential=,semihguner,2
www.smbc.asso.top/,mitake,0
outlookcom12.yolasite.com/,mitake,0
edev.bizde-basvuralim-bireysel-ucret-geri-iadeleri.xyz,semihguner,3
http://www.parkwayorthopedics.ca,phiusiil,0
http://www.yufn.welco.live,phiusiil,0
entretecno.cl/slider/imagenes/ben/44133b3f7f7907971251288aa97eef0f/,mitake,3
https://globalnetinternet.com/online_islemler_web/connect/new/Netflix/STORE/US-EN969/,harisudhan411,3
astenabiz.com/db/dropbox,semihguner,0
serveirlimit.gotdns.ch,harisudhan411,0
myshiffts.ddns.net,semihguner,0
https://findomestic.13-49-125-85.cprapid.com/pag-card.html,phiusiil,3
http://www.smtper.org,phiusiil,0
nexo-directo.cl,harisudhan411,0
usps.comhelpox.com/,semihguner,0
bradycreative.uk,harisudhan411,0
dilutiodethment.top,semihguner,0
www.myjoosesnb.duketoken.top,mitake,0
rbadminton.ro/libraries/legacy/dropbox/index.php,semihguner,3
http://georges1.b-cdn.net/,phiusiil,0
s-paraniz-guvende.site,semihguner,0
539793808932737-dot-bhg-tci-ksd.appspot.com,harisudhan411,3
www3.jp.mceorooaroi.com/,mitake,0
aau--lpgin.ips-au.com,mitake,0
halkbank2019.tk,semihguner,0
en.decapack.com/dic8/index.html,mitake,3
ww.orchidealito.it/aw7v0,semihguner,3
1000tlpandemibasvurusu.tr,semihguner,0
bedava-online-islemler.com,semihguner,0
specialtyoutdoors.com/space/moko1.php,mitake,3
hgservis.ml,semihguner,0
officeaction.co.za,harisudhan411,0
news-gazette.info,semihguner,0
cloud-shadow-1b32.rstfmrteolierrebfgio.workers.dev/91ad947f-ec39-4b68-8a74-7666e818b063,semihguner,3
jump.co.th/new/wp-admin/includes/GD,mitake,3
4kqd3hmqgptupi3p.6ogy3i.top,semihguner,0
espanemespane.fit,semihguner,0
tmrndvmd.net,semihguner,0
vpsprohostingssd.com/3476grb4f434r.exe,mitake,3
implantdetective.com,semihguner,0
firstchoiceproperties.co.za/db_template.php,semihguner,3
https://fb-restriction-case-81273.web.app/,phiusiil,3
kazananlaringunu.com,semihguner,0
gustavonoriega.com/wp-includes/ID3/pots/file/info/confirmer.php,mitake,3
auopay-auoneo-jp.mmfkcew.cn,mitake,0
foremostjeopardy.top,semihguner,0
allister.ee,harisudhan411,0
e-devlet-online-aidat-iade-sistemi-govtrvt1099.tk,semihguner,3
philippinekeychain.com,harisudhan411,0
kentdoldur1948-com-tr.blogspot.com,semihguner,3
hana-naveh.com/25/144.exe,mitake,3
www.rakinfo1.ar-1.top/,mitake,3
hungarianmgir.pw,semihguner,0
rakutanll.co.jjp.witnessinghistoryonline.net/,mitake,3
bdulnajib.net/wp/Business/,semihguner,0
npkogneprom.ru/_js/jstree/themes/applcompte4uk/5adf0469764b1170e6f551799006c1a0/step/ap/,mitake,3
128.14.135.235/sb/,mitake,1
www.epos-co-jp-g3fh4vrf7n46l3foo34nof5.onfjvbbiuh.tk,mitake,3
vairoma.lt,harisudhan411,0
agustos80.net,semihguner,0
aurasolutions.in,harisudhan411,0
www-outlooksigncontract0com.filesusr.com/html/8c7753_a4196461a35f2315e09c9c0f0b313f4a.html,mitake,3
appleid.com-verify.bid,semihguner,0
http://panefroz.cl/tmltml/casts/,harisudhan411,0
telstra-104928.weeblysite.com/,semihguner,3
www.meacseri.icu/,mitake,0
kylelawlor.com,harisudhan411,0
http://www.activemedia.co.nz/wp-includes/certificates/att.yahoo.com/login.htm,harisudhan411,3
www.viseeceee.caeiarvsscoeear.eieoiossicencseccesoeeras.shanyi.ink/uWBRvZ8quj/page1.php,mitake,3
firsatgunleri-bna.com,semihguner,0
vakifbqnk-int-ssbesi-ayrcalkrlrimiz662.b-cdn.net,semihguner,3
http://usedcopiersaustin.com/service/login/1/bill%20(2).php,harisudhan411,3
vakifonlineaktivasyon.co.vu,semihguner,0
ackdnnzmoobilbasvuru.site,semihguner,0
bmclccxxle.com,semihguner,0
http://www.smiledoctor.com.sg/hik/2d9057cb9c4dfdbc2fc9e69fc912a703/,harisudhan411,3
pypal-overview.nsupdate.info,harisudhan411,0
27novembre.org/yxEcYkWuv1/as5KG6.php,mitake,3
collinsfresh.uk,harisudhan411,0
jpsganganagar.com,harisudhan411,0
http://www.aimazon.co-jp.ohaphg.cc/404.html,harisudhan411,3
luggage-tv.com/adobe/update_flash_player.exe,mitake,3
https://online.internettdbs.com/,phiusiil,0
a.yimg.com/kq/groups/19598677/1792497815/name/WellsFargo.htm,semihguner,3
islemler-randvu.blogspot.com,semihguner,0
www.webmail.njea.org/owa/redir.aspx?C=8JoFsDW4vL62gVLH8WMfC6XAPaVwsz7buv2b2eik-_QbauxjLj3YCA..,mitake,2
heapdrivinglessons.com.au/includes/common-real/...,semihguner,3
maxziflow.ddns.net,semihguner,0
etc-dffew.toythieves.com/,mitake,0
rudeincglobals.site,semihguner,0
http://lampheycommunitycouncil.co.uk/images//appp/dirus/dir/Information2.html,harisudhan411,3
bsvrmkgba.site,semihguner,0
solidinsurance.website,harisudhan411,0
sites.google.com/site/confirms3543535353535354353534/,semihguner,3
microtik.stream,semihguner,0
attnet-107432.weeblysite.com/,mitake,3
ozarklira.com,semihguner,0
ateway.premiumsepet.com/home/confirm.php,semihguner,3
167.114.128.205/AB4g5,semihguner,1
https://mirai.house/wp/wp-content//plugins/793f1ed2b3da4edc91874130f7317fa1/y/,harisudhan411,3
suitableappropriation.top,semihguner,0
acturation.fixe.cb45732.tw1.ru/login/ologin.php,semihguner,3
andrewanddarrens.com,semihguner,0
login.microsftonlnecom.help-supporthtdko.dynv6.net,harisudhan411,3
aq7vv9fc.square.site/,semihguner,0
ah3qvw7zma6qb.com,semihguner,0
clutteredthinpatch.mhfweuf.repl.co/,mitake,3
ib.adnxs.com/tt?size=728x90&cb=2671068&id=2111100,mitake,2
http://optusnet-com.blogspot.kr/,phiusiil,0
amazon.co.jp.87ew98hgwrhj1ne3ranj14et5k4r85y66sk7867yrl648tu747p8y7i868we584.buzz/,mitake,3
ttlogin108423.weeblysite.com/,semihguner,3
ww.mps-auth.com/,semihguner,0
baseconsultingllc.com/img/nav/A0L/logiin.html,mitake,3
paypa.confirm.com.cmd.login.submit.dispatch.dekorahome.com/,mitake,3
auth.pageid-support.appleid.apple.com.ioadahas.com,harisudhan411,3
ongshort.us/discobolospublishing.com/wiloh/contents/mint/,semihguner,3
www.veisacvi-visaosmen.othxzsr.museum.mw,mitake,3
1mct.com/js/?s.battle.net/login/en/?ref=szrysyus.battle.net/d3/en,semihguner,3
netzero-webmail-104573.weeblysite.com/,semihguner,3
acullasnc.com/errors/501.php,semihguner,3
panelweb-4cae2.web.app/webmail-2096/index.htm#?outgoing@utu.fi,mitake,3
www.mysaojeb.tdypewi.presse.ci,mitake,3
sagawa-ota.com,harisudhan411,0
colliculus.innovzen.co/40nt4xi8a3.php\nwww.batwheels.de/Kontakt,mitake,3
rybags.ru/plugins/content/bookmark/ii.php?rand=13InboxLightaspxn.1774256418&amp;fid.4.1252899642;&amp;fid;=1&amp;fav.1;&amp;rand.13InboxLight.aspxn.1774256418;&amp;fid.1252899642;&amp;fid.1;&amp;fav.1;&amp;email;=&amp;.rand=13InboxLight.aspx?n=1774256418&amp;fid;=4,semihguner,2
ahumgobio.net/3691v7u,mitake,0
https://9683aka.asia/index.php?id=*,harisudhan411,0
http://www.booters.ml,phiusiil,0
www.moto-boloto.ru/administrator/components/com_checkin/index.html,mitake,3
www.co.jp.uerkmut.cn/,mitake,0
weiss243parkerforward.com,harisudhan411,0
coordinatefabulous.top,semihguner,0
antc.ch/wp-includes/db_template.php,semihguner,0
https://henanzk.com.cn/jp,harisudhan411,0
usamatch.weebly.com,harisudhan411,0
istanbulyuklemexsfs.com,semihguner,0
ww.pizazz.co.nz/sg_portfolio_content/main/picturebox/sg/~Porta...,semihguner,3
www.amazon-help.xyz/mobile/,mitake,3
acikdenizherseymblonay.site,semihguner,0
bki-mufgi-jp.blqwkxl.cn/,mitake,0
promocao-comprapremiadacielo.uni.me/,mitake,0
bersocialization.ru/c1uxu7w9,semihguner,0
85.208.213.75/,mitake,1
garentafilocar.xyz,semihguner,0
https://_.s1.hbcgdr.ink/,harisudhan411,0
mfmazetomatrix.com/wp-includes/news/new,mitake,3
www.studionabik.com/css_/img/webscr/cmd_/_/login_run/d0879b1a8176b72578f63eb49f4ab122/,mitake,3
http://travelbywheelchair.com/the-mad-river-barn-will-make-you-happy?share=linkedin,harisudhan411,3
http://www.uemvu.buzz,phiusiil,0
www.pfrqguizzwsoittv-dot-glexcel1.ue.r.appspot.com/#fritz.meyer@swisstph.ch,mitake,3
lookseri.net/1s4bzaa1,semihguner,0
mtb0support.ddns.net,semihguner,0
esarrollo-rural.zya.me/?i=1,semihguner,0
account-update.amazon.ionf.best/,mitake,3
miger.sallyforsenate.org/b2ua168clf\ncalambar.loungio.com/ads/frame.html,mitake,3
secure.runescape.com.llus.asia/m=weblogin/loginform.html,mitake,3
ebookfafa.com,semihguner,0
yapi-kredi-mobilkampanyakatilimbasvuru.com,semihguner,0
server.wvzbksn.cn/facaicai,mitake,0
www.onedrive.live.com/redir?resid=1B259CEC1257165D%21143&authkey=%21APkDM5ElLcPwz_w&page=View&wd=target%28Quick%20Notes.one%7C70d4ff33-5389-4385-b3e5-751c2cf1989e%2FRAU%20CONSTRUCTION%7C961392e9-1ab5-4334-9d52-69d0f17f7c4c%2F%29,mitake,2
pub-ece886618dfa41788215ebe75499391f.r2.dev/porn.html#bWljaGFlbC5yb2NraW5nZXJAdW5pbC5jaA==,semihguner,3
bookclub.altaevolution.com.br,harisudhan411,0
helloguysqq.su/85.exe,mitake,0
nvidrswsz.blogspot.com,semihguner,0
ivdlymha-lym.net,semihguner,0
online-subeniz-yapikredi.net,semihguner,0
pastehtml.com/view/bed26fz42.html,mitake,3
https://fewghefdfsd.ourhobby.com/,harisudhan411,0
nvmonlinehzm.net,semihguner,0
p57a2cf86.dip0.t-ipconnect.de,harisudhan411,3
paleflesh.app,semihguner,0
link.fastsrv.com/a/o.php?e=-7KJ&a=7LII1&v=-CR-Xz,semihguner,2
acikdenizbireyslkredibasvrgirisii.site,semihguner,0
akmobilim.com,semihguner,0
www.ipa.or.id/securimage/login.php,mitake,3
bectctange.website,harisudhan411,0
isube-ziraatbank--com-tr.cf,semihguner,0
www.dream-floor.co.jp/uopsmeiw9/cb-pc-ver.php,mitake,3
pub-d9bc408abeb64c56af2c816e9cc4204c.r2.dev/drop.html,semihguner,3
secure.bnz.co.nz.ailah3zi.com,harisudhan411,3
http://tcwrcgeneralcontractors.com/includes/caches/order/DHL%20AUTO/dhl.php?rand=13InboxLightaspxn.1774256418,harisudhan411,3
bncyeniyil.com,semihguner,0
www4.mcercorarci.com/,mitake,0
http://www.bigbasket.pk,phiusiil,0
aidtguncelsistem.de,semihguner,0
bayndsndr.com.tr,semihguner,0
companybrazilmailer.net/index.php,mitake,0
owercreator.net/securepay/,semihguner,0
fqb5hw.cn,semihguner,0
edaveltes.top,semihguner,0
jengerdragri.firebaseapp.com/,semihguner,0
avisotokiralla.online,semihguner,0
blueclawstudio.com/paypal.html,mitake,0
https://jtwss.cmgg88.cn/,harisudhan411,0
https://help-id-fb-20168286117.firebaseapp.com/,phiusiil,3
85.89.64.160/limto1.tar,semihguner,1
https://optimistic-engelbart-bc666a.netlify.app/?user-agent=mozilla/5.0+(windows+nt+10.0,phiusiil,3
aiu.kdda.wrjybtu.cn,mitake,0
hsrxxbrcsrglm.net,semihguner,0
www.radiodefinitiva.com.br/,mitake,0
laplumedelouise.fr/js-global/vodafone.co.uk/,mitake,3
101-sadece-online.app,semihguner,0
iifh68v.cn,semihguner,0
usps.cyou/go/TrackConfirmAction,semihguner,0
www.rakuten-co-jpp.icu/goto.php,mitake,3
garantimmobil.com,semihguner,0
www4.sndc-crad-nem-inedx.renfeng1314.cn/,mitake,3
villakidsbuffetinfantil.com/Limit-id=65722/3c48ffc3c607b3096bf480ff54f0a047/,mitake,3
http://www.superofferstc.com/survey/gn/orange/cash/,phiusiil,3
bimcelliscs.com,semihguner,0
abutakka.com.br/caipiraodourado/,mitake,0
matbald.top,semihguner,0
worthlesstub.top,semihguner,0
a101snokampanya.app,semihguner,0
usemp2894.ru/data/feeder,semihguner,0
mtp-pop.rewo-den.com/configure/error-report.php,semihguner,3
fibabankaralikampanya.ml,semihguner,0
card-finans-kampanyam.com,semihguner,0
emklipromsyonu.com,semihguner,0
1717k.top/yamato/login.php,mitake,3
dghjj.hhxxh.cn/,mitake,0
213.176.36.42,semihguner,1
j03pw4n-n13h8w0z.start.page/,semihguner,3
http://nanditamahtani.com/webroot/swf/FM/FM/FM/,harisudhan411,3
http://www.comunidadpi.com/Amazon/home/card.php,harisudhan411,3
goldenexplore.ddns.net,semihguner,0
oferta-avance-de-tarjeta.gq,harisudhan411,0
jfsohkwmwrh.net,semihguner,0
ranedevumum.b-cdn.net,semihguner,0
facebook.usersecurity9382932nxxsjd.parentalcare.com.my,harisudhan411,3
https://att-yahoo-mail-iefjhfhghgh.weeblysite.com/,phiusiil,3
heta.lunariffic.com/suspend.page/?bWVkaXJlaW0ubmV0uhsdsusu5485757kUJHNN546221oPLKj988777AOP784MTM0NjE2OTk0Ng,mitake,3
https://sfresim.org/login/account/clients/wait.php,phiusiil,3
turkcellsuperonline-fiber-internetbasvurulari.click,semihguner,0
http://www.saciesancscascnn.ntjsqn.top/ai/login.php,phiusiil,3
myhostgurda.ddns.net,semihguner,0
yearop.com,harisudhan411,0
ttkkmvk.com,semihguner,0
181.174.164.25,semihguner,1
hgsyuklememerkezim.com,semihguner,0
http://www.mwrc.ca,phiusiil,0
http://interbahisim.blogspot.com,harisudhan411,0
kllmuurjovud.pw,semihguner,0
mail-omnicrosroft-exch.com,semihguner,0
ingbankingturkey.com,semihguner,0
url.ellanet.fr/bluewin,mitake,0
150.95.223.220/ap/signin?key=example@example.or.jp,mitake,1
eposcard.club/,mitake,0
payment-mastercard.com,semihguner,0
https://gtrhfdgwafs.freetcp.com/,harisudhan411,0
tusaceitesesenciales.com,semihguner,0
amazano.co.ip.mageade.shop/a3IwMDY1P3,mitake,3
bimcell-govnet.blogspot.com,semihguner,0
denizkrediniliniz.tk,semihguner,0
rekrims.com/PLO5XIde/webscr_prim.php?cmVrcmltcy5jb20=uhsdsusu5485757kUJHNN546221oPLKj988777AOP784MTM1MjM5ODUxMg,mitake,2
onlinekazaburada.com,semihguner,0
www.vicvcoscccaoossn.jsuqeuh.presse.ci/,mitake,3
linkunshorten.com/?url=h-flatworm-wuka.instawp.xyz/wp-admin/user/redurection1.php&amp;siteNotSafe=true,mitake,2
ehzmt-portl.tk,semihguner,0
marelcom.it,harisudhan411,0
vdsfag.ngw357bq.cn,mitake,0
azazldkrtasxwd.com,semihguner,0
http://iphone7colors.com/file/index/81c45330cd93f2a429bed4f736f99c97/,harisudhan411,3
dex-serv.fr,harisudhan411,0
amypoirier.com/~dolphin/paypal/,mitake,0
e-devlet-merkeziade.com,semihguner,0
anazno.co.ip.anzanh.club/A7u2i1O8e5.php?E87u1A3=*,mitake,3
redireccddd124.blogspot.com,semihguner,0
dismaystipulate.top,semihguner,0
zzlultivatorzz.karlitadance.xyz,harisudhan411,0
khgcv.2jsd4r.cn/,mitake,0
maxmarineegypt.com,harisudhan411,0
http://drobpoxx.com/Dropbox/file/files/db/file.dropbox/,harisudhan411,3
play-epal.blogspot.com,harisudhan411,0
e-portal-hizli-basvuruu.tk,semihguner,0
ww.ingdirect.it.quovadisconsultores.cl/secureingdirect/index.p...,semihguner,3
cafm.mn/french/wp-content/uploads/2012/09/french/webscr.htm?cmd=SignIn&amp;amp;co_partnerId=2&amp;amp;pUserId=&amp;amp;siteid=0&amp;amp;pageType=&amp;am,mitake,2
login.outlook-mail-microsoftonlnecom.help-office-esunu.dynv6.net,harisudhan411,3
http://www.rightapps.net,phiusiil,0
www.eki-net.compersonalmemberguidancerenew.shop/,mitake,3
att-100591.weeblysite.com/,semihguner,3
rwingriemink.com/wordpress/wp-content/upgrade/quotation/quotations.htm,semihguner,3
e-devlet-iade-sistemi-govttr563.tk,semihguner,0
etnkorea.com,semihguner,0
usterka.szczecin.pl,harisudhan411,0
questions.solidwebhost.com/Faress/well-satreek-dolvar-hansend-drive-grive-park-slamaon-donne-dring/nesslon-dove-salmaka-paul-hst/Processing=cmd=_login-rundispatch5885d80a13c0db1f8e263663d3faee8d61ec37c409b56235bed2ddf64505aee9.html,mitake,2
bmcell-hayatlar.com,semihguner,0
mirrorlessconx.com,harisudhan411,0
nkishon.org/wp-includes/images/R-viewdoc/Re-viewdoc/index.htm,semihguner,3
devletyardimiad-e.net,semihguner,0
quizzical-kalam-99bfff.netlify.com,harisudhan411,3
http://www.airliftlimo.com,phiusiil,0
cmshop.nl/h4ppy/my!_B.html,semihguner,0
vk-stikeri.tk,harisudhan411,0
https://mahadevent.com/eudenm/tracking/fv5ejh/msg.php?id=53205153,phiusiil,3
pastehtml.com/view/bc97mplgu.html,mitake,3
www.eki.fjdzq.shop/a3IwMDY1P3,mitake,3
telekom.kampanya-sinirsizinternet.org,semihguner,0
'www.google.com.au/url?sa=t&amp;rct=j&amp;q=site:suikerziekte-symptomen.nl&amp;source=web&amp;cd=3&amp;ved=0CDgQFjAC&amp;url=http\%3A\%2F\%2Fsuikerziekte-symptomen.nl\%2Fsuikerziekte\%2Fsuikerziekte-te-behandelen-niet-te-genezen\%2F&amp;ei=OskEUISqMsbOsgav5ITcBg&amp;usg=AFQjCNFbn4evKSQelYkBhVeQZEFJJskhkA&amp;cad=rja',mitake,2
https://crditagricolecaiuregiona.web.app/,phiusiil,0
maxlityu.web.app/,mitake,0
msoikenmynfo.top/,mitake,0
helion.co.za/page/nrydrbxpge/,mitake,0
https://nicodesign-8.com/r0mrfz/x2?authenticate_user=nobody@mycraftmail.com&_kx=yp62m1_p_magxyyxfq7rfjz3qzckjmonql53dq0kkmemjxoonb-fvkswkiiajfcx.tvr4ae,phiusiil,2
cvkiw.gi.infinitemediawizard.com,harisudhan411,0
https://kuronekayamato-co-jp.cyou/#/addres,harisudhan411,0
http://yvddgk.gq/b/ver.php?e=adevins@prepaidlegal.com,harisudhan411,3
wp.xaos.it/wp-signup.php?new=lolnews.it,mitake,3
www2.cr.mufg.zxm6h7.cn/,mitake,3
halkparafmobilim.tk,semihguner,0
http://www.adlliron-sana.gq,phiusiil,0
rtdesigns.ca/lord123/home/index.php,mitake,3
eetwomen.com/images/lehigh/0a03aea32c790d748063920b6ad9b975/,semihguner,3
cogreentec.com.au/dozi/mail.htm,semihguner,3
tinyurl.com/56xurw5x,mitake,0
7buxkd347bq0atq0stm.ddns.net,semihguner,0
sp709050.sitebeat.crazydomains.com/,semihguner,3
https://bafkreifzjjk26s5z7imbj3qr7tb6et33qeeavckw2qnf7bwfjz27otetry.ipfs.dweb.link/,phiusiil,3
2bitz.org.ru,harisudhan411,0
wap-ios-icloud.com,harisudhan411,0
bireyselvakifbank.com,semihguner,0
spleysbkgmhizligecis.net,semihguner,0
bestchange.hentez.org/,mitake,0
hfgcv.nbhacjh.cn/,mitake,0
http://tia2na1.hyperphp.com/?i=1,phiusiil,0
powerbrainsolutions.com/FoundationForPluralism/Confirm/1db154e39177ad27d6afef1858d05015/webscuers?cmd=login-run&amp;dispatch=5885d80a13c0db1f8e263663d3faee8db2b24f7b84f1819343fd6c338b1d9d60,mitake,2
yslturkiyeshop.com,semihguner,0
vengemutfak.com/1949399FJZQBMTP/ACH/Commercial,semihguner,3
03.106.226.91/Login/lgn_new.aspx,semihguner,1
ist-kartyukle.org,semihguner,0
echnix.it/,semihguner,0
agualvacacem.top,harisudhan411,0
sites.google.com/site/policyclaming76745/,semihguner,3
bireyselgiris-mobil.com,semihguner,0
thermos-online.shop/index.php?main_page=login&zenid=q,mitake,2
mxp2118.com,mitake,0
www.eki-net.ountc.shop/a3IwMDY1P3,mitake,3
driveterms457-online.gq,harisudhan411,0
gratiscekilistr.ga,semihguner,0
altobad.com,harisudhan411,0
dimon.pw,semihguner,0
ritaservices.ddns.net,semihguner,0
wordpress-917408-3184543.cloudwaysapps.com/PARIBS-FR/5774/,mitake,3
http://www.xpq.0660sf.com,phiusiil,0
www.maseecoecri.icu,mitake,0
monecouth.net/atb1yedm,mitake,0
lzmrndlmnexne.net,semihguner,0
https://www.etc.login.gridimpactconsulting.com/a290dTE2NzM0OD9tZ20tbW9ndTIuYXhvQGkuc29mdGJhbmsuanA,harisudhan411,3
criterionsynergy.com,harisudhan411,0
ww.trillsafe.usa.cc/images/config/goods/hash/mails/deals/cp.php?m=login,semihguner,3
comment-aupay-henorrer.cf,mitake,0
azimut-dv.com/wp-admin/images/1/dropbox/proposal/LoginVerification.php,mitake,3
tokilerimegelin.blogspot.com,semihguner,0
vk.com/away.php?to=esprit-sopht.com//wp-includes/ID3/Rev.html,semihguner,3
isolatealmighty.top,semihguner,0
osam-dame.firebaseapp.com,harisudhan411,0
victormcastro.com/2xxxx/valid/10c84ca5bc19b7cb7637b2567aaa0239/phone.php,mitake,3
vkdemo.com/.htpasswds/index.html,semihguner,0
www.eki-net.com.personlwbloginlwest.club/a3IwMDY1P3,mitake,3
hhtps.ddns.net,semihguner,0
bse.fullpaser.repl.co/,mitake,0
horyalagencies.com,harisudhan411,0
http://www.titcd.icu,phiusiil,0
allergictemporal.top,semihguner,0
www.copernicoservizi.it/language/es-ES/S.A/,mitake,3
ww.sandyhairbraiding.com/wp-includes/images/smilies/Admin/draft/index.htm,semihguner,3
jcass.co.jp-service-tranid-0001-0001n.qoufahp.cn/,mitake,3
https://berwsc34.wikaba.com/,harisudhan411,0
kralemlak.org,semihguner,0
http://uphodvlogi.godaddysites.com/,phiusiil,0
tumetkinliklerisorgula-bn.net,semihguner,0
cloudflare-ipfs.com/ipfs/Qmb8edRqUviyzcqM82JXsA2F5LMaJ6yMyhfX2QW4LCgMaU,semihguner,3
turkcellsuperonline-gizafiberinternetbasvuruabonelik.click,semihguner,0
62.113.117.9,semihguner,1
kart-aidat-iadesi-e-devlet-kapisi-giris-portali.xyz,semihguner,0
bowlsuperstition.top,semihguner,0
attduckmail90pohdjhfgsg310.weebly.com/,mitake,3
chneiderhomes.ca/wp-includes/des/,semihguner,0
vinted-pl-gj32d.bioxyn.top/money/59613291,mitake,3
eki-net-members-login.f9gxfr9.cn/,mitake,3
sku.su,harisudhan411,0
ioskeyboards.com/confirm.htm,mitake,0
www.cizgiservis.com/admin/Nets.dk.php,mitake,3
cumhurbaskanligiiade2021.com,semihguner,0
http://vuramtechnology.in,phiusiil,0
kaynaklar.website,semihguner,0
vicmgir.pw,semihguner,0
https://cafetorres.netlify.app/,phiusiil,0
trafikcezasi-uygulamasi.online,semihguner,0
5.163.121.219/aksjdderwd/asdbwk/dhoei.exe,semihguner,1
cashoffer4housesnj.com/fv/index.php,mitake,3
https://www.etc.login.menuaaa.com/a3IwMDY1P3,harisudhan411,3
www.hm-herz.com/e/,mitake,0
itesseinside.nl/wp-admin/network/dropname/...,semihguner,3
kadinasiddet2021.cf,semihguner,0
https://winter-sky-faf2.d8wandb14l.workers.dev/,phiusiil,3
sleep.lldpdq.cn/murder,mitake,0
www.mistoreoseu-jp.top/,mitake,0
http://www.atom.busketball.com,phiusiil,0
cbeanbmfnadolckd.online,semihguner,0
ndoubleegret.com/admin/secure/cmd-login=2309492d735f94efd429230a6ea03173/?user=3Dsjenk=,semihguner,2
https://onlinesupport-lloydbank.com/Login.php,harisudhan411,3
293438989393223.top,harisudhan411,0
denizliherzamanyaninda.com,semihguner,0
eabres-turkiyegovtrr.com,semihguner,0
cebimdeislemim.sg-host.com,semihguner,0
dervisogullarihome.tk,semihguner,0
usevpni.ru/wp-content/languages/crypt,semihguner,0
www.tirgwm.vip/pc/,mitake,0
http://www.s1p.no-ip.bz,phiusiil,0
http://weospojfwuqtrsdzfwtnodypjo-dot-gle39404049.rj.r.appspot.com/,harisudhan411,3
code8.ae/Dropbox/Dropbox/,mitake,0
mynewupdatgpagee.ac89frat92.com,harisudhan411,0
hgs-yukllle.com,semihguner,0
https://theglassonionsociety.com/css/pay/a/index.html,phiusiil,3
http://upholldlogg2-ene.godaddysites.com/,phiusiil,3
lzmirlig.site,semihguner,0
eportalaidatonlineislerimgovtr.com,semihguner,0
julmagoa.com/investment/,mitake,0
olliedogpictures.com,harisudhan411,0
185.162.235.29,semihguner,1
http://bb.conta-atualizada.com.br/index1.php,harisudhan411,3
denizdenkampanya.co.vu,semihguner,0
http://mail.deliverylifesupport.com/public/xr7kfqqwn6lka8uvam7og5bvbvcidqeb,phiusiil,3
cloudflare-ipfs.com/ipfs/bafybeidfnxvlgufym52cbttgawzs7gcufbptipukr6hp3enlq7uudo26bm,semihguner,3
emo.unexpectedrunner.com/ak0tg3uqzb\nlavoro24.it/messaggio.php?titolo=Attenzione%21&testo=Password+non+corretta%2C+o+non+corrispondente+a+nessun+utente+registrato.&redirect=%2Fcandidatura_password.php%3FoffertaID%3D61565%26aziendaID%3D0&rtime=5&grazie=&popup=,semihguner,2
ww.cctv777.com/wp-content/plugins/telekom/vodafone_onlinerechnung,semihguner,3
huncho.pages.dev/,mitake,0
kent-kartonline.net,semihguner,0
malaviyamission.org/Account/Reset/update/wellsfargo/index.html,mitake,3
https://dev-occidemascotas.pantheonsite.io/,phiusiil,0
ndday.com/GOG/yGnHFKdhsd.php/,semihguner,0
hdconverter.co,harisudhan411,0
service-payqal-com.superiordronephotography.com.au,harisudhan411,3
https://business-confirm-appeal-fa942.firebaseapp.com/,phiusiil,3
dolumveznesi.xyz,semihguner,0
arnaz0n.vcds.top/,mitake,0
altts.org/temp/drop/870b8f7da1e2ec5f7b4bcee622b4d10f/,mitake,3
cornpresscanada.com/x487kjfdsd9274r98yuofiwo5uodjld2/chase-home/verification-billing.php?chaseonline.chase.com/Logon.aspx?LOB=RBGLogon,semihguner,3
popcornogluekmrem.tk,semihguner,0
icloud.com.findmyiphone.cs-getsupport.info,harisudhan411,3
elmklavxerigi.net,semihguner,0
boredapeyahctclub.com/,mitake,0
sahibinden.ilanget.com,semihguner,0
lafayettebeauty.net/wp-content/plugins/edfc7c243c334ba8bf1f9a4254da88f6/Verified.html,mitake,3
edvllevrtt-weh.com,semihguner,0
c1bc-alert3731.com,harisudhan411,0
tarfleetepsilon.com/application/views/secure/DHL/,semihguner,3
ww.heiki.org/coupons,semihguner,0
fficetechnologies.ge/61pcmg,semihguner,0
coksansinvar.com,semihguner,0
holiday-fall.cf,harisudhan411,0
dhtrackpkg.blog/postch/,semihguner,0
ztipptops.org/pCntrlde/webscr.php?cmd_=session.start&amp;sdr01=anVsaWthZWZlckB0LW9ubGluZS5kZQ,mitake,2
www.kanza1977.com/,mitake,0
srnbc-card.com.tntcio.cn,mitake,0
thechristianarmour.com,harisudhan411,0
bxmcellhizlioderim.com,semihguner,0
redeplataforma.com/login.php,mitake,0
annae-unsailable.chateaubio.com/txljpi45e1.php\nwww.bigdishsat.com/television-products/,mitake,3
kolejskilmentari.edu.my/images/1/,mitake,3
gibmobilapp.com,semihguner,0
www.suvakotrainers.com/wp-admin/includes/xmv/index.html,mitake,3
http://www.cndoubleegret.com/admin/secure/cmd-login=6d218b637aaa309c210d7a86059de41b/,harisudhan411,3
thelatestnews.nottorakutencardlogin.top/,mitake,3
reibatuta.com.br/js/extjs/css/ssl/log/,mitake,3
http://www.futje.user32.com,phiusiil,0
odette.nichesite.org,semihguner,0
bimcelltelekom.com,semihguner,0
pesinbuy.ml,semihguner,0
aidat-iadesi-bireysel-basvuru.com,semihguner,0
rezerve-gunay-restorant.com.tr.gunay-restorant-rezervasyon.com.tr,semihguner,3
rinkanddialtoronto.com/wp-admin/images/,semihguner,3
www.gregcraneband.com,mitake,0
ssl.fastpayments.net,harisudhan411,0
hgschool.edu.bd/css/Donald/s/,semihguner,0
cfg.jpdocomontt.ml/,mitake,0
https://munipillcomarca.gob.pe/.wellknown/,phiusiil,3
anasalharbi5821.ddns.net,semihguner,0
kamadexa.info,semihguner,0
sprint-10.conohawing.com/DKB/login.html,mitake,3
hssdexxdeykleme.net,semihguner,0
login.microsoftonline.com.common8u75xfbqf19f91pahcgi6qsaw.authorizef91pahcgi6qsawvsxkv0ik2m1btdsy.oauth278ce259pkh6jtcee8u75x18444d75819acc50f032135.maiil.site,harisudhan411,3
shivajiweb.cu.ma,harisudhan411,0
sites.google.com/view/appunblockpageyou,semihguner,3
ziraatdekazanin.com,semihguner,0
arah.in/rdccc1/rdc/rdc/pro/enterprise.php?check&amp;nocache=page2&amp;alt.done=rem&amp;docs&amp;=gifpdf&amp;6jj2x1r9ofs3jimhaq,semihguner,2
pawash.gr/uban/dropbox/proposal/index.php,semihguner,3
seudemonscom.ddns.net,semihguner,0
www.roninwallis.tech/,mitake,0
smbc-crad-con.ih7.top,mitake,0
about-auuone.kakawuyu.com,mitake,0
ahara-prof.ru/4tdaknluxp,semihguner,0
bildiriler.tk,semihguner,0
rockheads-illustration.com,harisudhan411,0
vatandaslikhakogrenmekapisi101.tk,semihguner,0
https://bafybeibelsnpjqx5233w2ql4s55mppawbaadgj3nwfxtms6ybgju4yst3i.ipfs.dweb.link/,phiusiil,3
ysgrp.com.cn/js/?http://us.battle.net/login/en/?ref=http://us.battle.net/d3,mitake,3
https://psd.185-174-136-74.cprapid.com/isp,phiusiil,3
burgessbutler275.xyz,semihguner,0
apps-mobile.2fh. co/CreditSuisse_SmsSecurity.apk,mitake,3
webdeveloperpran.cu.ma,harisudhan411,0
sigurensait.com/mgs/es/,mitake,0
http://u1928937.plsk.regruhosting.ru/spin/965801873/,phiusiil,3
103.119.30.108,semihguner,1
jcurio.com/js/index.htm?ref=wfzeveus.battle.net/d3/en/index,semihguner,3
videosinteresantes2015.com/videosaplicaion/Diciembre-switzerland/aplicacionhack/App/,mitake,3
www.bali-nusadua-villas.com/~be/paypal/_webscr1.php?cmd=_confirm&session=gx4w5u1drmu8jxhd_0jblthbz_hhr6-k2ek4hq48uljouijhn1bet4azmj0&dispatch=y4q4w3v3r3n3s2e373f3257403b474m3q3n4j3c5x4x3u3n2s3c304e2,mitake,2
jo4ykw2t.myutilitydomain.com/scan/693ba80245497fde7d1b158c358ab47e,mitake,3
laserwebstudio.com,harisudhan411,0
hoteispertodoriocentro.com,harisudhan411,0
hesapli.sigortaamnnetg.site,semihguner,0
https://postjapan-jp.post-japan-co-jp.one/,harisudhan411,0
greentrast.com,harisudhan411,0
unologistica-intl.com,harisudhan411,0
cloudflare-ipfs.com/ipfs/bafybeiaiuanjyowuxvzzlk5kswrff4si6q2magu5udgrg43heeugqtfaly/,semihguner,3
www.qinxin.cn/images/index.htm?us.battle.net/login/en/?ref=hhlhanous.battle.net/d3/en/index&amp;app=com-d3,mitake,2
wennypandu.id/poster.php?mupdateglaccess=27,mitake,3
panelcik.xyz,semihguner,0
https://webmail-104854.weeblysite.com/,phiusiil,3
http://199.204.248.108//~yogas/cgi-bin/i.php,harisudhan411,1
jetjackinc01.bitbucket.io/,mitake,0
sriramvedire.com,harisudhan411,0
istanbullarkolaysistem.com,semihguner,0
http://www.oumage.com,phiusiil,0
dnlatam.com/js/mainmenu/kizzy/inbox.htm,semihguner,3
ekl.net.tsfkkl.com/?exa0t1ykin=*,mitake,3
bhance-tr.net,semihguner,0
ww.z7z.org/correo-actualizar,semihguner,0
a101yeniyilfirsatlari.online,semihguner,0
http://theroadgoeseveronandon.com/kkl/Ourtime/ourtime.php,harisudhan411,3
www.betasusorjinal1.blogspot.com/,mitake,3
ropboxstoragedoc.tripod.com/,semihguner,0
https://www.gooub-ekii-co-jp.lainksdvsv.inble.com.cn/,harisudhan411,3
hightensionrecord.info/mt/alt-tmpl/altmpl/0/,mitake,3
cloudflare-ipfs.com/ipfs/bafybeig5llu7f7onajuaeeif5fzzpzglu2doql2lsnrifz6kvhabmunkvq/GM.html,semihguner,3
jacobspublishers.com/rakuten.co.jp/jp/jp/Rak/jp/,mitake,3
docomo.ne.gnjp.xyz/,mitake,0
uydesignerjewelleryuk.com/wp-includes/secured/OneDrive-Could/login.php?cmd=login_submit&amp;id=7c6045896a10585fa7e1405a7627290c7c6045896a10585fa7e1405a7627290c&amp;session=7c6045896a10585fa7e1405a7627290c7c6045896a10585fa7e1405a7627290c,semihguner,2
online-visit.com,semihguner,0
att-107780-104332makeit.weeblysite.com/,mitake,3
sicurezzabpol.com,harisudhan411,0
3rmlnal.net.ru/,semihguner,0
googlephoto.vip,semihguner,0
http://www.diendanlichsu.com,phiusiil,0
myvaporexpress.com/wp-includes/pomo/name/2016/,mitake,3
kdywms.top,semihguner,0
estec.com.br/wp-content/themes/twentyfifteen/css/yahoo/,semihguner,3
hueplet.icu,harisudhan411,0
omayseafood.com/FCKeditor/editor/images/extend.php?rand=13InboxLightaspxn.1774256418&fid.4.1252899642&fid=1&fav.1&rand.13InboxLight.aspxn.1774256418&fid.1252899642&fid.1&fav.1&login=&loginID=&.rand=13InboxLight.aspx?n=1774256418&fid=4#n=1252899642&fid=1&fav=1,semihguner,2
184.164.107.103/town11.pdf,mitake,1
sfdg.z1e2q7zd.cn/,mitake,0
wwwq.aaceouu-aaosoemsouuu.998cd.co,mitake,3
customersupportczechcentre.info.tm,harisudhan411,0
https://xiawap.com.cn/,harisudhan411,0
purebanquet.com/y5k3o/,mitake,0
https://xxzbd2.cn/,harisudhan411,0
hjartholm.no/blog/wp-includes/js/bookmark/ii.php?n=1774256418&amp;rand.13InboxLight.aspxn.1774256418=&amp;rand=13InboxLightaspxn.1774256418,mitake,2
mobil-edevletiadelerim-giriswebhizli.com,semihguner,0
https://maildinshaakckjnw597.firebaseapp.com/,phiusiil,3
46.151.130.90/fra22.png,mitake,1
verifyidscrweb.serveirc.com,harisudhan411,0
vdsg.ocspsq.cn/,mitake,0
web.webpostegro.top,semihguner,0
ww.mesfacil.net/Login/confirm.html,semihguner,3
gaarenntaa.shop,semihguner,0
purplecity.co.uk,harisudhan411,0
http://mail.deliverylifesupport.com/public/fep1czig4ypflrmlwice5tojbnezajj1,phiusiil,3
austamygovgrantgett.ddns.net,semihguner,0
rahatarama-bildirimplatformirtwebtr.com,semihguner,0
projectraritytools.online/dapps/wallet.html,mitake,3
https://www.ekni-nct.ekint.yrnisl.top/load.php,phiusiil,3
agungwaluyaproperty.com,semihguner,0
https://careerbuilder-remote.firebaseapp.com/,phiusiil,0
edevletgirisiadeformgirisim.net,semihguner,0
resmiegirisadres-merkezgiris.com,semihguner,0
robpaulsen.com/,mitake,0
https://ba342a8d6decca25cb82a8098db69b15.ssl-pl.co.pl/gtlk/fplt/f7f47db812aaf0cf20e77c80c2965875/login/,phiusiil,3
www.eki-net.foursive.shop/,mitake,0
gfdcvx.zhmyqxb.cn/,mitake,0
khvcf.6c8flsy0.cn/,mitake,0
fficeon.ch.ma/office.js?google_ad_format=728x90_as,semihguner,2
'www.acewellpc.com/images/?ref=http\%3A\%2F\%2Figperljus.battle.net\%2Fd3\%2Fen\%2Findex',mitake,2
https://aol-102130.weeblysite.com/,phiusiil,3
5b6b7b.info,semihguner,0
appleid.apple.com-page-manage-subscription-apple.com,harisudhan411,3
https://fasfjaslkjfl6.top/,harisudhan411,0
http://www.shrimp.bdoncloud.com,phiusiil,0
resmikurumsalgirisadresim.com,semihguner,0
goussaka.space/FirstTech/index.php,mitake,0
voicebomber.com/wp-includes/css/realbusiness/index.php,mitake,3
maumeevp.org/ca/cd/cd/index.php,mitake,3
toggtr.online,semihguner,0
payisubemde.ga,semihguner,0
bigsplash.online,harisudhan411,0
ocakayina-yakisansurprizler2019.com,semihguner,0
https://asb-verify.firebaseapp.com/,phiusiil,0
pichiincha.biz,semihguner,0
stjohnboscoseminary.ug,harisudhan411,0
http://www.cancerawakens.com/file/Reviladate/up.php,harisudhan411,3
http://www.findmysupport-mex.us/pirv8/,phiusiil,3
loja.planetaimports.net/~mpolvora/accounts.department.online.team/webscr.php?cmd=_login-run,mitake,2
kolnim.com,semihguner,0
hgs-vezneleri1.com,semihguner,0
web.us.confirmed.auth.app-inc.jembodlove28.com,harisudhan411,3
amespagesguns.com/FDtUFS5JgDJHGD3dFd//fb1login/ar/?id=1004527&amp;id=2003991,semihguner,2
tracker-fed.pages.dev/,semihguner,0
ww.smartsalesbr.com.br/wp-content/stock/msn/default.php,semihguner,3
www.clustermejillon.cl//##,mitake,0
getkitplayer.com,semihguner,0
hootland.com,harisudhan411,0
sp804129.sitebeat.crazydomains.com/,semihguner,3
oyalsrestaurant.com/Googledoc/,semihguner,0
www.interbahisgirisadresimiz2.blogspot.com/,mitake,3
hjartholm.no/blog/wp-includes/js/bookmark/ii.php?.rand=13InboxLight.aspx?n=1774256418&amp;email=&amp;fav.1=&amp;fid=1&amp;fid=4&amp;fid.1=&amp;fid.1252899642=&amp;fid.4.1252899642=&amp;rand=13InboxLightaspxn.1774256418&amp;rand.13InboxLight.aspxn.1774256418=,mitake,2
http://www.boyerl.ga,phiusiil,0
enabiz-gov.xyz,semihguner,0
dnicollege.in/software/certificate/shake/Paype/verification.php,mitake,3
http://www.stunningsolutions.in,phiusiil,0
bonus2019firsat.gq,semihguner,0
https://aol-106220.weeblysite.com/,phiusiil,3
http://www.donatewa.phpnet.us,phiusiil,0
32rf24f24f24f24.xyz,semihguner,0
att-bellsouth-verification-d769e9.webflow.io/,mitake,3
securitateonline.ro/errors/default/ces/secure2/sv-se/Apple-support/for-apple-id-nu-infort-i-sverige/uppdaterdinkontoinformation/dittApple-ID/watch/store/index-827035460047d214af64abVX94807d2.php,mitake,3
www.whatsapp-18.ikwb.com/,mitake,3
verify-security.myvnc.com,harisudhan411,0
real-estate-inspectors-in-texas.com/doc/pdf/check.php,mitake,3
https://theumashow.com/new.recent-activity/login.php?cmd=login_submit&amp;id=a0372de33de986068c660201f63267e6a0372de33de986068c660201f63267e6&amp;session=a0372de33de986068c660201f63267e6a0372de33de986068c660201f63267e6,harisudhan411,2
www2.miicardl.co.jp.zxacfaz.top/,mitake,3
https://22211.zuzdn.cn/,harisudhan411,0
kghvb.sstkwch.cn/,mitake,0
ww.allocacoc.co.in/Download/pcremote/sqmsiegndjgnsm/absaa/index2.php,semihguner,3
e-paramguvende.org,semihguner,0
amu.helpyourselfinstall.info/iframe/?d=1271,mitake,3
occalight.com/vocca-pro-182.html,semihguner,3
ile4hosti.info/0kkqm6ms,semihguner,0
paksteel.com/db-config-ini.php,semihguner,0
abel.aspx?i5=,semihguner,0
ylasdvtld-dvvrt.com,semihguner,0
https://mamqq.cfd/,harisudhan411,0
999080321newfolder1002-01312599908032135.site,semihguner,3
llegro.site/show_item.php=8274291198,semihguner,3
secure.runescape.com.d.weblagon.loginforn.com/mod/?/&amp;amp;amp;amp;=amp;ssl=0,mitake,2
45.66.131.182/,mitake,1
pa00kx8.cn,semihguner,0
http://epvavas.top/,harisudhan411,0
amazon.co.jp.w8p.top/,mitake,0
ams1.ib.adnxs.com/if?enc=MzMzMzMzwz_KoUW28_3AP1K4HoXrUdA_yqFFtvP9wD8zMzMzMzPDP7dRhiC2D5VQluGd3HRSEG9G-GdTAAAAAMmYJQBKBQAA2AcAAAIAAAClEuUAF-QFAAAAAQBVU0QAVVNEANgCWgCoEwAAnWgAAgUAAQIAAI4ARydPoAAAAAA.&cnd=%21ZyE2WQjq_ekBEKWllAcYACCXyBcwADgAQABI2A9QybGWAVgAYI4GaABwAHgAgAEAiAEAkAEBmAEBoAEBqAEDsAEAuQEzMzMzMzPDP8EBMzMzMzMzwz_JAdQa3pMDpwBA2QEAAAAAAADwP-ABAPUBmpmZPg..&ccd=%21fQblQAjq_ekBEKWllAcYl8gXIAA.&udj=uf%28%27a%27%2C+276362%2C+1399322694%29%3Buf%28%27c%27%2C+3833578%2C+1399322694%29%3Buf%28%27r%27%2C+15012517%2C+1399322694%29%3B&vpid=352&referrer=federatedmedia.net&media_subtypes=1&ct=0&dlo=1,mitake,2
apuka.com/FOB/verify/index.php?rand=13InboxLightaspxn.1774256418&amp;fid.4.1252899642&amp;fid=1&amp;fav.1&amp;rand.13InboxLight.aspxn.1774256418&amp;fid.1252899642&amp;fid.1&amp;fav.1&amp;email=abuse@gmial.com&amp;.rand=13InboxLight.aspx?n=1774256418&amp;fid=4,semihguner,2
alphabeticalaffixation.top,semihguner,0
28977-hostde2.fornex.org/,semihguner,3
http://www.ledgerwallet.com,phiusiil,0
http://www.usavisaconsultant.com,phiusiil,0
hhggsss-ptislemler.com,semihguner,0
sikayeetvarbireysel.ga,semihguner,0
https://help-fb-id-3246251805.firebaseapp.com/,phiusiil,3
kampamyam-ekli-burada-online.cf,semihguner,0
www.amazmo.jp/signin.php,mitake,3
tuvturkarachmzetleriode.net,semihguner,0
bt-connects-f.webflow.io/,mitake,0
senior-consultingco.com,harisudhan411,0
docs.google.com/presentation/d/e/2PACX-1vSTyR2jCOzVqKmWPbwZspGPyoMwJKwv5_2Mjb1l-Rm3mDgiipz7iXEPcVds84HPVkEukyz7hBTLLUqh/pub?start=false&loop=false&delayms=3000,semihguner,2
http://623112j4j3.codesandbox.io/hbb,harisudhan411,3
yapikrediworldcardbireyselinternetsubesi.com,semihguner,0
wordpresshosting.co.il/54JHbjgcDLG,mitake,3
showfilse.com,harisudhan411,0
breakingnewsasia.com,semihguner,0
dineamericard.com,harisudhan411,0
blcellex.com,semihguner,0
www.jelserramenti.com/administrator/components/com_cache/data/paypal.html,mitake,3
panel.buzz/prof/index.html.htm,semihguner,0
109.236.87.69,semihguner,1
costurabrasilmaquinas.com.br/site/noiva/c.php,mitake,3
https://sites.google.com/view/mybtpage/my-bt,harisudhan411,3
http://mfcmanagement.co.uk/images/webmailpage/webmail.html,harisudhan411,3
sigortalamamerkeziburada.com.tr,semihguner,0
secure2.manage.appleid.apple.3-skygarden.org/session/,mitake,3
edevlet-online-aiidatt-basvurunuzz4.b-cdn.net,semihguner,3
www.vidyadeepcollege.com/~be/paypal/_webscr1.php?cmd=_confirm&session=gx4w5u1drmu8jxhd_0jblthbz_hhr6-k2ek4hq48uljouijhn1bet4azmj0&dispatch=y4q4w3v3r3n3s2e373f3257403b474m3q3n4j3c5x4x3u3n2s3c304e2,mitake,2
road436.xyz,semihguner,0
http://navy-federal-credit-union-org.netlify.app/nfoaa_auth/login.jsp.html,phiusiil,3
http://www.learnfromstevenison.com/main/wp-includes/pomo/made.htm,harisudhan411,3
hunchpool.pages.dev/,mitake,0
www.etki-reescrqd.top/,mitake,0
turkiyeaidatgov.org,semihguner,0
https://confirmacion.bancagalicia145.repl.co/,phiusiil,3
https://www.aka-kotayama.co.jp.klxnewest.club/,harisudhan411,3
enpara-finansbankqnb-com-tr.ml,semihguner,0
https://www.nhk-plus.plazacarguide.com/,harisudhan411,3
1laban.ir,harisudhan411,0
https://newlifeschooloftheology.com/wp-content/themes/netnetnet,harisudhan411,3
https://secure-mydetails.org/Login.php,harisudhan411,3
s.amzosoms-jp.icu/,mitake,0
jutawanmobilespa.com,harisudhan411,0
www.acaossneen.asaeaosnean.pobeck.top/,mitake,3
ineadconway.com/wp-includes/css/DBMECXSQv4SXzDmQbF/616e797468696/Secure_Area/en/clients/login.php?login?lang=en=&uthLevS=15154c3a9b64e63bbbbfc1af0667008b75154c3a9b64e63bbbbfc1af0667008b7,semihguner,2
edefvletimiademgov.com,semihguner,0
http://www.piton77cm.top,phiusiil,0
acikdenizv2denizbonus-hediye.com,semihguner,0
https://oydnrj.webwave.dev/,harisudhan411,0
0k9.sipocodukyrpps.com/etc8d4vwhf\nwww.thanonline.com/index.php,mitake,3
51.89.169.201,semihguner,1
caitlindoylepoetry.com,harisudhan411,0
https://storageapi.fleek.co/376d5eae-f78b-4add-8040-cf9a08af9ee4-bucket/indexb2b.html,phiusiil,3
facemamak.xp3.biz/update/user124221224/n13312424/B1354521/C3242536421132/update34523123134/X5342313425/W2313425423556/USER34563213254532/details.php,mitake,3
pub-47567459a5514f7fb473bd339a66c110.r2.dev/MYGOAL.html,semihguner,3
www.tibianews.galeon.com/,mitake,0
garanti-girisim.com,semihguner,0
nnmksdmkfs.net,semihguner,0
fkkffkckaflfona.tk /,semihguner,0
https://attupdatessveri202323.square.site/,phiusiil,3
etherlands-icscards2016.it/ics/login/ecaf62637c81a7be34fd99582120f85b/login.php?nl=_submit-verfied-run&amp;dispatch=gr505ze2f012dsnlx456dfrenl5ez1fnl510enl0011094ef9e919c69ac456a3bae9627f0011094ef9e919c69ac456a3bae9627f,semihguner,2
evasionapp.com,harisudhan411,0
www.gruppwaa141.zyns.com/,mitake,3
paypal-mithilfe.de/secure/,mitake,0
para-ya-gris.com,semihguner,0
avosha.com.au/memo/db/box/,semihguner,0
http://247.48.198.104.bc.googleusercontent.com/home/home/02/login/?key=k68AYIg3D2IbfGfkEg1VhfKQ6mS73OZtQFGEmDUGV8wlwK0gnJR2hgZ09dMCGr4JZkrfkYkp6KYxBntYkwbYEDpndzKIY2GIIl3pUUHotSQkjujJgpQ9ho2dSKmT2cqtWHvBwtN11A5OcZ3Wt2v2fw,harisudhan411,2
acikkampanyalar.click,semihguner,0
consideringauction.top,semihguner,0
primojavera.quest,semihguner,0
smokesonstate.com/Gssss/Gssss/es/,mitake,0
http://www.wfhfkmhgskvm.co.uk,phiusiil,0
https://boi-loginsupport.com/,phiusiil,0
leashesbylisa.com/wp-includes/images/countrytobox/index2.php?0WFIrpf3vD5EV4oAaRdi2Yg7clNChqP8tusTjGSOnKZew16MxBUHmLz9bJQkXyDeCwBpTctKdGuF0EHPfz64NgYMSm9qXyh8ZkJWLbr2QjAnoO7v3xiVI1RUsal596015899924,mitake,3
uypdosyaam.com,semihguner,0
https://www.amanzom.login.jmk528.com/a3IwMDY1P3,harisudhan411,3
touwale-89321.web.app/,semihguner,3
mmalewth.com/xk7us,semihguner,0
tedharhepret.ru/gate.php,mitake,0
http://xn-----8kcghmptc2albqfffgfg0v.xn--p1ai/wp-includes/office/Sign_in/index.php,harisudhan411,3
https://icy-snowflake-978f.6u-3wfa4.workers.dev/,harisudhan411,3
lkizaz.superweb.ws/update-your-nacey-fraket-of-your-eyes-berdy-hours/all-informations-back-teryte-more-danish-hover-man-trikel-home,mitake,3
www.myjascoeb.iaowybm.presse.ci,mitake,3
basvur-aidat.online,semihguner,0
izmdrkartadykle.blogspot.com,semihguner,0
www.moczeoer.icu/,mitake,0
aqui-sempre-com-voce.com,harisudhan411,0
enseverifi.tk,harisudhan411,0
subesizvakifbankhepyanindagirisyap.gq,semihguner,0
a101-aktuelll-inddirimleri.net,semihguner,0
skkrrt.com,semihguner,0
e-bireysel-aidat-iade-basvurumu.com,semihguner,0
sferadio.com,harisudhan411,0
est.alkhudharigroup.com/Webmail/34/Webmail/webmail.php,semihguner,3
https://eki-net.com.as1h.cn/,harisudhan411,0
http://www.eblaghye.lol,phiusiil,0
angelsantiques.in/paypal.com.home.cmd.configuration.cgi-bin.login.submit.dispatch/wvvw/www.paypal.com/6a3cbaffefa591e7eef44242bd4191f0/,mitake,3
https://fb-restriction-case-c622e.web.app/,phiusiil,3
http://www.attnpower.com,phiusiil,0
5qw.pw,semihguner,0
rgjj.ahzd8yda.cn/,mitake,0
https://usuariodaviplata.daviviendainf.repl.co/,phiusiil,3
3ju4-f9h3-8gv-28gf-dh94f-g3rbg-8ciwb-8g-dd.obs.ap-southeast-2.myhuaweicloud.com/739r0-8vcg308bcw8g4-wfg08gwe-f8we0.html?AWSAccessKeyId=3SU1FMU6A3GR7LUUGWFP&Expires=1678019724&Signature=AcPYPjC6gTAzznj157xts%2ByHvrs%3D,mitake,2
trhakkindasikayetvar.com,semihguner,0
hotelsolar.ro,harisudhan411,0
pdat120.clanteam.com/ie8.htm,semihguner,3
aicom.aicomgroups.in,mitake,0
cons.com.bo/components/com_user/views/reset/b41630d6db90c455cb9e35bcf45a4a6b/,semihguner,3
lzmrzrmzrmzrn.net,semihguner,0
autosihark.com/connect/metamask/,mitake,0
apple.id.televisionok.biz/session/,mitake,3
novolani.com/HR85rq.php,mitake,0
tmaryslodgeno4.org/wp-includes/PDF/PDF/,semihguner,3
a2zwebit.com/wp-includes/db_template.php,semihguner,3
joshinweb.jp.tb510.shop/?,mitake,3
rekovtem-lpzgcj.cc/jp/rms/Rakuten/,mitake,3
docs.google.com/document/d/1zDX5RheFiN6fdspDuzEifl1TPYspMzKIgrtTXC5fGO8/edit,semihguner,3
velingproduce.co.uk/ze/?ksd&amp;email&amp;fksdf,semihguner,0
amazom.msozvx.info/,mitake,0
izmirlimlskkk-yklee.net,semihguner,0
specialscharqer.online,semihguner,0
njambre.cc/encuentros/wp-content/verify/index.ca.html,semihguner,3
www.rebrand.ly/chase-com-a8e99,mitake,3
www.myetherwallet.one/,mitake,0
acount-page.pe.hu/log.php,mitake,3
www.lo-yo.jp/index.php?main_page=login,mitake,3
bookmyproject.net,harisudhan411,0
olawimumumanof.com,harisudhan411,0
e-destek-basvuru.com,semihguner,0
areueaom.ayox7j.cn/,mitake,0
www.marketplace-65985214.com/,mitake,3
proscott-golftours.com,harisudhan411,0
services.runescape.co.cm/m=forums/logonform.wz?code=&amp;ssl=1679&amp;des=1436,mitake,2
e-devlet-paraver-gov-tr.cf,semihguner,0
businesswansnet.square.site/,mitake,0
ww.houseien.org/wp-includes/SimplePie/Content/prices_example/generic.php?west=uekabk1h0ahs102,semihguner,3
https://ewkl.net.aniward.shop/,harisudhan411,0
envision3d.in,harisudhan411,0
sp55760.sitebeat.crazydomains.com/,semihguner,3
hq83c.cn,mitake,0
new.express.adobe.com/webIP:,semihguner,3
may-intl.info/wp-includes/css/dist/ads/.pay/,mitake,3
https://attcom-102620.weeblysite.com/,phiusiil,3
clelanwelding.us,harisudhan411,0
biototec.co,semihguner,0
pastehtml.com/view/bezysxo0z.html,mitake,3
osmanli-imparatorlugu1453.live,semihguner,0
cnn-turk-web-giris.net,semihguner,0
fhbfw.cxsmjiz.cn/,mitake,0
uspmxz.top/go/TrackConfirmAction,semihguner,0
renbimado.com,semihguner,0
auutegdgdg65.web.app/,mitake,0
https://orangefr111.yolasite.com/,phiusiil,0
goedele-vercnocke.com,harisudhan411,0
paribuex.com,semihguner,0
dujiaoshouedu.shop/,mitake,0
iscep-mobil-giris.ga,semihguner,0
pastehtml.com/view/bdtdnlqp9.html,mitake,3
eelogin.ref43.com,harisudhan411,0
https://j.mp/2DgFwAC,harisudhan411,0
device-valid-uk.firebaseapp.com/,mitake,0
my-paypalverified.redirectme.net,harisudhan411,0
paypal-credit.anamezing.com,harisudhan411,0
r.reff17858913751.com/r/KE7wRfx,mitake,3
destekuygulamasi-indir.tk,semihguner,0
willister.gq,harisudhan411,0
canonsupervideo4k.ws/2sye3alf,mitake,0
sofotosbook.com.br/topform/714dad691992e41a01636986ec5d5985/,mitake,3
acikdenizdijitalkredi.com,semihguner,0
sortapick.com,harisudhan411,0
http://www.0crg.wnmzq.com,phiusiil,0
https://email.plusydlabiznesu.pl/email/n?l=https://cartomanziatrigono3.it/wp-includes/new/auth//bxpygi////user@example.org,phiusiil,3
linekeind.firebaseapp.com/,semihguner,0
http://www.sebastianj.ga,phiusiil,0
ww.dmjc-malaysiapalmproducts.com/keyb/keybase/post.php,semihguner,3
amuezom.qj8vip.cn/,mitake,0
www.hnchet.com/,mitake,0
rollblunt.top,semihguner,0
www.china00800.com/Img/?secure.runescape.com/m=weblogin/loginform.ws?mod=www&ijemntkamp;ssl=0&dest,mitake,2
https://maildinshaakckjnw146.firebaseapp.com/,phiusiil,3
bazandecoradores.com/blog/wp-content/uploads/2014/05/.js/Yahooupdates/index_2.php,mitake,3
7.57.144.177/ase5.png,semihguner,1
ecure1.apple.co.uk.account.verify.submit-form.support-intl-limited.ml/clients/,semihguner,3
azimbo.com.au,harisudhan411,0
marrymezeng.site,semihguner,0
edevletgiris.ga,semihguner,0
opstuurplan.nl,harisudhan411,0
sahibinden-param-guvende-com.gq,semihguner,0
tughhenreton.ru/sl/gate.php,mitake,0
devstvennik-gang.ddns.net,semihguner,0
195.22.28.198,semihguner,1
ptthgs-yuklemobil.com,semihguner,0
185.86.148.227/,mitake,1
cuhxusxgsxj.net,semihguner,0
internal.videoservicesxvid.com,semihguner,0
prodietsolutions.net,harisudhan411,0
cimer-iadeportali.org,semihguner,0
alinporney.xyz,semihguner,0
paypal-merchant.ru,harisudhan411,0
http://vuse.pl/cgi-bin/yahoo/autolinkk/autolinkauto/mailboxx/mailbox/index.php,harisudhan411,3
mycuba.info,harisudhan411,0
yrappid.com/,semihguner,0
freigegebenedatendateigmx.yolasite.com/,mitake,0
https://corn-gl7x-c9un.te59edi38680.workers.dev/,phiusiil,3
secure.runescape.com-ppr.top,harisudhan411,3
http://www.fr.wdc.beeppool.org,phiusiil,0
subordinaterim.top,semihguner,0
https://hrtjdfhfd.organiccrap.com,harisudhan411,0
wtwetwerq.tk,harisudhan411,0
denizkredikampanyasi.tk,semihguner,0
jumi.blob.core.windows.net,harisudhan411,0
firsatkapidav2.ga,semihguner,0
https://elastic-herschel.212-227-119-222.plesk.page/,phiusiil,3
sochi2014realty.ru/wp-content/plugins/wp_comm/9660747134/745353769679/,mitake,3
wildcabanaresort.com,semihguner,0
rakutoen-jrzoa.cc/,mitake,0
52.5.250.60,harisudhan411,1
defianceauditing.top,semihguner,0
bolaandassoc.co.kr,harisudhan411,0
http://www.swatchjellyfish.com/shop/img/os/mail.htm?_pageLabel=page_logonform&amp;cmd=LOB=RBGLogon&amp;secured_page=,harisudhan411,2
https://lobster-u544-vqxr.9m-816844780.workers.dev/,phiusiil,3
http://www.pandemicovid19destek.freecluster.eu,phiusiil,3
1w9n1k63brr78fr04091y2ht6w.com,semihguner,0
https://storageapi.fleek.co/9e775964-410c-48c9-a340-85e0bc79aa96-bucket/updates/index.html#admin@example.com,phiusiil,3
go.jeff.guru,harisudhan411,0
http://tradelogistics.org/designs/dropbox2016/Home/,harisudhan411,3
pixtureinfocus.com/upgrade/MicrosoftEmailUpgrade.html,mitake,3
https://cwecbyiwec68.toythieves.com/,harisudhan411,0
https://theroomdisconnect.com/web/otp3.php,phiusiil,3
hakkinizdaki-sikayetler.ml,semihguner,0
cloudflare-ipfs.com/ipfs/bafybeiepewacbd2wtqpqwclz25mvlj7pnigwdciw7sdemrxy3rj2orlihy,semihguner,3
iadat-iade-ozel-basvurumuz.com,semihguner,0
iestar.com/zoomer/trustpass.html,semihguner,0
https://surefooteddarkgrey.ajdbahs.repl.co/,phiusiil,3
https://mob10l-afcu.firebaseapp.com/,phiusiil,0
e-garantibank.com,semihguner,0
x2juneo.blogspot.com,harisudhan411,0
palpav.com,harisudhan411,0
ukpromo.eu/wp-includes/images/smilies/Home/676171f78dc36fb345ed70f7166ce8e8/auth/fcc.php?LOB=53026&amp;reason=&amp;portal=&amp;dltoken=,mitake,2
klemotz.org/9zTdu7sfkpag5b417570/8yTsxcbgud9wvk1mcNdxDE77367/sdr01/aW5mb0BramctbmV1c3MuZGUMessage-ID:,mitake,3
generateoptimum.top,semihguner,0
cognoise.in/paypal/?cmd=_home&amp;dispatch=5885d80a13c0db1f8e&amp;ee=8925b0cce42499f01e33db611cf8913e,mitake,2
www.visa.co.jp.abyexlx.top/,mitake,3
halkmobili-online-destek-com.tk,semihguner,0
https://lbigsijahhakj--linntrebiif.repl.co/,phiusiil,3
http://mdmplus.com.ph/uphty/mail.htm?cmd=lob=rbglogon&amp;_pagelabel=page_logonform&amp;secured_page,harisudhan411,2
nsit4esite.com/mod_rw.php,mitake,0
ams1.ib.adnxs.com/if?enc=mpmZmZmZuT_D9Shcj8K1P1pkO99Pjbc_w_UoXI_CtT-amZmZmZm5P-1LfpIzPEtxd20o8kIc9XwOg2pTAAAAAGnHFQD0AwAAawYAAAIAAADJReYAI7YDAAAAAQBVU0QAVVNEANgCWgApsQAAlL0AAgUAAQIAAIYAoCnomQAAAAA.&pubclick=http://www.burstnet.com/burstmedia/clk/BCPG230483.373540.561996/VTS%3D8iZfd.tTt8/SZ%3D728X90A/a%3Da/s%3D22297/FPR/V%3D4.0S//REDIRURL%3D&cnd=%21GiWW6gjrkOsBEMmLmQcYACCj7A4wADgAQABI6wxQ6Y5XWABgjwZoAHAAeACAAQCIAQCQAQGYAQGgAQGoAQOwAQC5AZqZmZmZmbk_wQGamZmZmZm5P8kBn2100AJq_T_ZAQAAAAAAAPA_4AEA9QEAAIA-&ccd=%21SQZvPAjrkOsBEMmLmQcYo-wOIAA.&udj=uf%28%27a%27%2C+129071%2C+1399489294%29%3Buf%28%27c%27%2C+3852395%2C+1399489294%29%3Buf%28%27r%27%2C+15091145%2C+1399489294%29%3B&vpid=167&apid=167368&referrer=www.thegoodpubguide.co.uk%2F&ct=0&dlo=1,mitake,2
hosteons3.tokyo,mitake,0
ww.teamfactory.co.za/wp-content/uploads/dropbox/dropbox/dropbox/,semihguner,3
pandemi-sureclerinde-desteklerimizwebtr.net,semihguner,0
bimcell--govtr.blogspot.com,semihguner,0
cox.com-6159368de39251d7a-login.id-107sbtd9cbhsbtd5d80a13c0db1f546757jnq9j5754675732645167.kylelierman.com,harisudhan411,3
izmir-onlineyukleme.com,semihguner,0
www.aesoen.asecosone.ihetao.cc/,mitake,3
.altascdn.com/testapk/cong06161733_119.apk,semihguner,3
www.amazon1.co.jp.amwaca4654.xyz/,mitake,3
http://www.tta.jo,phiusiil,0
https://hiukk.cfd/index.php?info=*,harisudhan411,0
subesizvakifbankasionlinekredidigitallkredim.co.vu,semihguner,0
hizligiris-ziraat.net,semihguner,0
cebimdeuygulama.com,semihguner,0
heyshinme.com,harisudhan411,0
richi-001-site1.itempurl.com/erichi/,semihguner,3
dbhjj.xaqisheng.cn/,mitake,0
vonseniorcare.com/wp-admin/js/express/DHL/tracking.php?l=_JeHFUq_VJOXK0QWHtoGYDw_Product-UserID&userid=,semihguner,2
dariocasati.it/logs/dostanes_do_drzky.tar.gz,mitake,3
http://allmodel-pro.com/get/?q=apg02cEykWsu64Tkg0wPNirsDdxqCbkVDH8Poa4OXJEZrQva0E4LpZa8bdDKzetnb7lwQlr3AcqaayVBSxUYvlD/jIUdLdiWHV1VPwBA7vUhbMTmETpLVJkeyVyMoX3I4J%20yvz7CQyjXGtW/GEaCHG5qJE5bJwcOJ6Vc99%20go393TFNTNHJFlN8myGIxSo4E0D4m1UOpF9i8HJ3ESFkwyRRzdTBcy/3A6E%20wPGft9oET0UUaVaB76q0MtiWARTcSN9x4pEQdXRPEW6WuQgSRnbmJqSOtILKjtKZtrfOX/qb/wBp8%20QY48nVu05FvvEsUZ0BPTW0NhMsfCLIM%20OPok9Wfb53tgzWfRYiRp%20LRL/BEuX7PPJQFFVbqnmyCFXh8GkZRySU8yFZRI7O/or6%20iUPI0eJJnRGTTUHJZY%20AUIn5grazQdDD1MnKARzgMYTcvHY4dVWy5vBUMD36VpNN%208/kq%20mR4PV5zQGJW6G9eLZhW6RAaLIvUODED7ZIlBIRUDpIhU9bDzdeBW,harisudhan411,2
chopsuwey.info,semihguner,0
mymaillingsupport.3owl.com/user_conf.php,mitake,3
8e82y3g74njbcd0y.net,semihguner,0
sana-adliran.site,semihguner,0
http://www.gkjx168.com/images?http://us.battle.net/login/en/?ref=http://uqpzemuus.battle.net/d3/en/index&amp;app=com-d3,harisudhan411,2
jdhhbs.biz,semihguner,0
us.battle.net.login.pandaria-blizzard.net/login.asp,mitake,3
edevletramazuniadeleriniz.com,semihguner,0
http://gatjooking.com/mazon/amazon,harisudhan411,0
denizbank2021tr.com,semihguner,0
http://cebuphonly.jrzoutsourcingservices.com/wp-content/themes/jrzouts/forms/paypal_donation.php,harisudhan411,3
http://www.applemusic.wikaba.com,phiusiil,0
https://mail29.yolasite.com/,phiusiil,0
ww.shristihousing.in/Alibaba.html?url_type=header_homepage,semihguner,3
tr-cumhuriyetevi.com,semihguner,0
shopper.bid/bookmark/ii.php?email=abuse@claymount.com,mitake,3
facturationservice.myfreesites.net/,semihguner,0
https://maildinshaakckjnw55.web.app/,phiusiil,0
eylul-pandemibasvurulari.com,semihguner,0
http://www.qrot.apjgtipty.com,phiusiil,0
sabahsabah.mizi.plus,semihguner,0
electra-amor.webcindario.com,harisudhan411,0
bonus-garden.it,semihguner,0
http://paypal.com.login.prosto-vsem.ru/login.html,phiusiil,3
jtged.69jmu9h6.cn,mitake,0
faiyazahmed.com/inddex.html,mitake,0
soupnextdoor.com/updat/index.php,mitake,0
mail-103003.square.site/,mitake,3
www.psupport.apple.com.pple.com/,mitake,3
https://s6nvkl.faqserv.com/,harisudhan411,0
bireysel-teb-subesi-onlinetr.com,semihguner,0
sahibinden.m-tr.com.tr,semihguner,0
pttkargotakipnosorgula.com,semihguner,0
grizzledcuddlyeyestra.tocrodrigo.repl.co/,mitake,3
hizmet-geldi.net,semihguner,0
fxaffiliateslab.com,harisudhan411,0
peakpointmc.com/file/share/2015/index.htm,mitake,3
